,year_1,year_2,year_3
0,RA,RA,RA
1,RA,RA,RA
2,B,B,B
3,D,D,D
4,B,B,B
5,D,D,D
6,B,B,B
7,RA,RA,RA
8,O,O,O
9,D,D,D
10,C,C,C
11,A,A,A
12,A+,A+,A+
13,B,B,B
14,D+,D+,D+
15,A+,A+,A+
16,A+,A+,A+
17,B,B,B
18,RA,RA,RA
19,B,B,B
20,D,D,D
21,D,D,D
22,D+,D+,D+
23,A,A,A
24,C,C,C
25,C,C,C
26,B,B,B
27,D,D,D
28,B,B,B
29,B,B,B
30,A,A,A
31,D+,D+,D+
32,D+,D+,D+
33,A,A,A
34,D,D,D
35,RA,RA,RA
36,O,O,O
37,D,D,D
38,B,B,B
39,A,A,A
40,B,B,B
41,A,A,A
42,O,O,O
43,B,B,B
44,C,C,C
45,RA,RA,RA
46,B,B,B
47,O,O,O
48,A+,A+,A+
49,RA,RA,RA
50,A,A,A
51,A,A,A
52,B,B,B
53,B,B,B
54,A,A,A
55,B,B,B
56,D,D,D
57,D,D,D
58,C,C,C
59,D+,D+,D+
60,B,B,B
61,B,B,B
62,C,C,C
63,C,C,C
64,B,B,B
65,D,D,D
66,A,A,A
67,RA,RA,RA
68,C,C,C
69,D+,D+,D+
70,D,D,D
71,B,B,B
72,RA,RA,RA
73,A+,A+,A+
74,B,B,B
75,B,B,B
76,B,B,B
77,B,B,B
78,B,B,B
79,RA,RA,RA
80,A,A,A
81,B,B,B
82,RA,RA,RA
83,D,D,D
84,B,B,B
85,C,C,C
86,RA,RA,RA
87,A+,A+,A+
88,B,B,B
89,RA,RA,RA
90,C,C,C
91,O,O,O
92,RA,RA,RA
93,B,B,B
94,A+,A+,A+
95,B,B,B
96,D,D,D
97,B,B,B
98,A+,A+,A+
99,C,C,C
100,RA,RA,RA
101,D+,D+,D+
102,A+,A+,A+
103,RA,RA,RA
104,O,O,O
105,B,B,B
106,C,C,C
107,O,O,O
108,A,A,A
109,D+,D+,D+
110,O,O,O
111,B,B,B
112,A,A,A
113,O,O,O
114,C,C,C
115,D+,D+,D+
116,A+,A+,A+
117,A,A,A
118,C,C,C
119,A,A,A
120,D,D,D
121,D,D,D
122,A,A,A
123,A,A,A
124,C,C,C
125,A,A,A
126,B,B,B
127,C,C,C
128,AAA,AAA,AAA
129,O,O,O
130,AAA,AAA,AAA
131,AAA,AAA,AAA
132,A,A,A
133,B,B,B
134,AAA,AAA,AAA
135,AAA,AAA,AAA
136,AAA,AAA,AAA
137,AAA,AAA,AAA
138,A,A,A
139,D,D,D
140,AAA,AAA,AAA
141,C,C,C
142,B,B,B
143,A,A,A
144,AAA,AAA,AAA
145,B,B,B
146,AAA,AAA,AAA
147,B,B,B
148,AAA,AAA,AAA
149,B,B,B
150,AAA,AAA,AAA
151,A+,A+,A+
152,B,B,B
153,AAA,AAA,AAA
154,A,A,A
155,C,C,C
156,A,A,A
157,B,B,B
158,D,D,D
159,A,A,A
160,AAA,AAA,AAA
161,RA,RA,RA
162,AAA,AAA,AAA
163,B,B,B
164,RA,RA,RA
165,A,A,A
166,B,B,B
167,D+,D+,D+
168,AAA,AAA,AAA
169,A+,A+,A+
170,AAA,AAA,AAA
171,D+,D+,D+
172,B,B,B
173,AAA,AAA,AAA
174,C,C,C
175,C,C,C
176,B,B,B
177,RA,RA,RA
178,C,C,C
179,B,B,B
180,C,C,C
181,A,A,A
182,D+,D+,D+
183,C,C,C
184,A,A,A
185,B,B,B
186,B,B,B
187,D,D,D
188,C,C,C
189,B,B,B
190,A,A,A
191,C,C,C
192,C,C,C
193,B,B,B
194,A+,A+,A+
195,D,D,D
196,D+,D+,D+
197,B,B,B
198,O,O,O
199,B,B,B
200,D+,D+,D+
201,B,B,B
202,B,B,B
203,RA,RA,RA
204,B,B,B
205,C,C,C
206,RA,RA,RA
207,A,A,A
208,B,B,B
209,RA,RA,RA
210,C,C,C
211,A,A,A
212,A+,A+,A+
213,C,C,C
214,B,B,B
215,D,D,D
216,RA,RA,RA
217,C,C,C
218,C,C,C
219,B,B,B
220,RA,RA,RA
221,AAA,AAA,AAA
222,D+,D+,D+
223,A,A,A
224,A+,A+,A+
225,RA,RA,RA
226,D,D,D
227,A,A,A
228,C,C,C
229,A,A,A
230,A+,A+,A+
231,B,B,B
232,C,C,C
233,A,A,A
234,RA,RA,RA
235,B,B,B
236,A,A,A
237,A,A,A
238,B,B,B
239,AAA,AAA,AAA
240,A,A,A
241,A,A,A
242,AAA,AAA,AAA
243,A,A,A
244,AAA,AAA,AAA
245,O,O,O
246,A,A,A
247,C,C,C
248,RA,RA,RA
249,D,D,D
250,C,C,C
251,B,B,B
252,C,C,C
253,C,C,C
254,A,A,A
255,C,C,C
256,A,A,A
257,B,B,B
258,A+,A+,A+
259,AAA,AAA,AAA
260,O,O,O
261,C,C,C
262,A,A,A
263,C,C,C
264,AAA,AAA,AAA
265,D+,D+,D+
266,B,B,B
267,B,B,B
268,B,B,B
269,AAA,AAA,AAA
270,C,C,C
271,A+,A+,A+
272,B,B,B
273,A+,A+,A+
274,B,B,B
275,A,A,A
276,C,C,C
277,C,C,C
278,C,C,C
279,B,B,B
280,C,C,C
281,B,B,B
282,A,A,A
283,B,B,B
284,B,B,B
285,B,B,B
286,O,O,O
287,A,A,A
288,A+,A+,A+
289,D,D,D
290,B,B,B
291,D,D,D
292,A,A,A
293,O,O,O
294,A+,A+,A+
295,B,B,B
296,AAA,AAA,AAA
297,C,C,C
298,A+,A+,A+
299,D+,D+,D+
300,B,B,B
301,B,B,B
302,A+,A+,A+
303,O,O,O
304,A,A,A
305,A,A,A
306,O,O,O
307,C,C,C
308,A,A,A
309,B,B,B
310,AAA,AAA,AAA
311,A,A,A
312,B,B,B
313,B,B,B
314,A,A,A
315,B,B,B
316,AAA,AAA,AAA
317,C,C,C
318,B,B,B
319,B,B,B
320,A,A,A
321,C,C,C
322,B,B,B
323,D,D,D
324,D,D,D
325,B,B,B
326,D+,D+,D+
327,B,B,B
328,C,C,C
329,A+,A+,A+
330,C,C,C
331,A+,A+,A+
332,AAA,AAA,AAA
333,AAA,AAA,AAA
334,AAA,AAA,AAA
335,D,D,D
336,A,A,A
337,AAA,AAA,AAA
338,D+,D+,D+
339,B,B,B
340,B,B,B
341,AAA,AAA,AAA
342,D,D,D
343,AAA,AAA,AAA
344,B,B,B
345,A+,A+,A+
346,D+,D+,D+
347,C,C,C
348,D,D,D
349,A,A,A
350,C,C,C
351,A,A,A
352,C,C,C
353,C,C,C
354,B,B,B
355,C,C,C
356,A,A,A
357,B,B,B
358,B,B,B
359,D+,D+,D+
360,A,A,A
361,A,A,A
362,B,B,B
363,D,D,D
364,A,A,A
365,B,B,B
366,A,A,A
367,AAA,AAA,AAA
368,B,B,B
369,B,B,B
370,C,C,C
371,A,A,A
372,B,B,B
373,RA,RA,RA
374,O,O,O
375,B,B,B
376,D,D,D
377,B,B,B
378,D,D,D
379,B,B,B
380,A+,A+,A+
381,RA,RA,RA
382,B,B,B
383,AAA,AAA,AAA
384,RA,RA,RA
385,B,B,B
386,RA,RA,RA
387,AAA,AAA,AAA
388,C,C,C
389,AAA,AAA,AAA
390,C,C,C
391,D+,D+,D+
392,RA,RA,RA
393,B,B,B
394,C,C,C
395,O,RA,RA
396,D,RA,RA
397,B,B,B
398,RA,D,D
399,B,B,B
400,O,D,D
401,C,B,B
402,B,RA,RA
403,D+,O,O
404,C,D,D
405,A,C,C
406,B,A,A
407,B,A+,A+
408,C,B,B
409,D+,D+,D+
410,A,A+,A+
411,AAA,A+,A+
412,B,B,B
413,O,RA,RA
414,A,B,B
415,A,D,D
416,RA,D,D
417,B,D+,D+
418,B,A,A
419,C,C,C
420,A,C,C
421,B,B,B
422,C,D,D
423,O,B,B
424,A,B,B
425,B,A,A
426,B,D+,D+
427,RA,D+,D+
428,RA,A,A
429,B,D,D
430,C,RA,RA
431,B,O,O
432,B,D,D
433,A+,B,B
434,AAA,A,A
435,AAA,B,B
436,D+,A,A
437,C,O,O
438,B,B,B
439,B,C,C
440,RA,RA,RA
441,C,B,B
442,A,O,O
443,B,A+,A+
444,A+,RA,RA
445,D,A,A
446,B,A,A
447,D,B,B
448,D+,B,B
449,B,A,A
450,D,B,B
451,D,D,D
452,D,D,D
453,A,C,C
454,A,D+,D+
455,B,B,B
456,B,B,B
457,B,C,C
458,B,C,C
459,O,B,B
460,A,D,D
461,C,A,A
462,A+,RA,RA
463,B,C,C
464,D+,D+,D+
465,RA,D,D
466,D+,B,B
467,AAA,RA,RA
468,A,A+,A+
469,B,B,B
470,O,B,B
471,A,B,B
472,O,B,B
473,B,B,B
474,D+,RA,RA
475,C,A,A
476,B,B,B
477,C,RA,RA
478,B,D,D
479,RA,B,B
480,RA,C,C
481,A,RA,RA
482,AAA,A+,A+
483,RA,B,B
484,AAA,RA,RA
485,B,C,C
486,A,O,O
487,C,RA,RA
488,AAA,B,B
489,C,A+,A+
490,AAA,B,B
491,C,D,D
492,A,B,B
493,A+,A+,A+
494,B,C,C
495,A,RA,RA
496,AAA,D+,D+
497,AAA,A+,A+
498,AAA,RA,RA
499,D,O,O
500,D+,B,B
501,D,C,C
502,B,O,O
503,C,A,A
504,RA,D+,D+
505,B,O,O
506,A,B,B
507,C,A,A
508,D,O,O
509,A,C,C
510,B,D+,D+
511,AAA,A+,A+
512,A+,A,A
513,B,C,C
514,A,A,A
515,A,D,D
516,AAA,D,D
517,A,A,A
518,RA,A,A
519,A,C,C
520,D,A,A
521,AAA,B,B
522,D,C,C
523,C,AAA,AAA
524,AAA,O,O
525,B,AAA,AAA
526,D,AAA,AAA
527,A+,A,A
528,D,B,B
529,C,AAA,AAA
530,A,AAA,AAA
531,B,AAA,AAA
532,B,AAA,AAA
533,A+,A,A
534,RA,D,D
535,C,AAA,AAA
536,B,C,C
537,RA,B,B
538,B,A,A
539,D,AAA,AAA
540,B,B,B
541,C,AAA,AAA
542,B,B,B
543,A,AAA,AAA
544,D+,B,B
545,RA,AAA,AAA
546,A,A+,A+
547,AAA,B,B
548,O,AAA,AAA
549,D,A,A
550,B,C,C
551,D,A,A
552,D+,B,B
553,C,D,D
554,A+,A,A
555,O,AAA,AAA
556,B,RA,RA
557,RA,AAA,AAA
558,C,B,B
559,D,RA,RA
560,D,A,A
561,C,B,B
562,A,D+,D+
563,A+,AAA,AAA
564,B,A+,A+
565,C,AAA,AAA
566,D,D+,D+
567,B,B,B
568,B,AAA,AAA
569,C,C,C
570,B,C,C
571,O,B,B
572,AAA,RA,RA
573,B,C,C
574,A+,B,B
575,A,C,C
576,RA,A,A
577,C,D+,D+
578,A+,C,C
579,A,A,A
580,C,B,B
581,C,B,B
582,C,D,D
583,A,C,C
584,RA,B,B
585,A,A,A
586,B,C,C
587,C,C,C
588,D,B,B
589,A,A+,A+
590,A,D,D
591,AAA,D+,D+
592,B,B,B
593,B,O,O
594,C,B,B
595,A,D+,D+
596,D+,B,B
597,C,B,B
598,B,RA,RA
599,B,B,B
600,O,C,C
601,AAA,RA,RA
602,RA,A,A
603,RA,B,B
604,B,RA,RA
605,B,C,C
606,A+,A,A
607,A,A+,A+
608,B,C,C
609,A,B,B
610,B,D,D
611,A,RA,RA
612,B,C,C
613,B,C,C
614,AAA,B,B
615,A+,RA,RA
616,A,AAA,AAA
617,B,D+,D+
618,RA,A,A
619,RA,A+,A+
620,D+,RA,RA
621,AAA,D,D
622,O,A,A
623,D+,C,C
624,C,A,A
625,AAA,A+,A+
626,O,B,B
627,AAA,C,C
628,D,A,A
629,C,RA,RA
630,B,B,B
631,B,A,A
632,B,A,A
633,A+,B,B
634,RA,AAA,AAA
635,C,A,A
636,C,A,A
637,B,AAA,AAA
638,D,A,A
639,C,AAA,AAA
640,D+,O,O
641,A,A,A
642,C,C,C
643,D,RA,RA
644,A,D,D
645,D+,C,C
646,O,B,B
647,RA,C,C
648,B,C,C
649,C,A,A
650,C,C,C
651,C,A,A
652,D,B,B
653,D+,A+,A+
654,A,AAA,AAA
655,C,O,O
656,D,C,C
657,D+,A,A
658,O,C,C
659,A,AAA,AAA
660,D+,D+,D+
661,A,B,B
662,A+,B,B
663,AAA,B,B
664,AAA,AAA,AAA
665,AAA,C,C
666,B,A+,A+
667,A,B,B
668,C,A+,A+
669,C,B,B
670,A,A,A
671,A+,C,C
672,D,C,C
673,B,C,C
674,A+,B,B
675,A+,C,C
676,C,B,B
677,RA,A,A
678,B,B,B
679,A,B,B
680,B,B,B
681,C,O,O
682,A,A,A
683,B,A+,A+
684,AAA,D,D
685,A+,B,B
686,D,D,D
687,O,A,A
688,A,O,O
689,B,A+,A+
690,A+,B,B
691,A,AAA,AAA
692,A,C,C
693,B,A+,A+
694,C,D+,D+
695,AAA,B,B
696,O,B,B
697,A+,A+,A+
698,B,O,O
699,C,A,A
700,C,A,A
701,B,O,O
702,D+,C,C
703,RA,A,A
704,A,B,B
705,C,AAA,AAA
706,C,A,A
707,B,B,B
708,RA,B,B
709,B,A,A
710,D,B,B
711,A,AAA,AAA
712,B,C,C
713,A+,B,B
714,C,B,B
715,C,A,A
716,A,C,C
717,A,B,B
718,AAA,D,D
719,O,D,D
720,D,B,B
721,D+,D+,D+
722,B,B,B
723,B,C,C
724,B,A+,A+
725,B,C,C
726,B,A+,A+
727,A+,AAA,AAA
728,RA,AAA,AAA
729,B,AAA,AAA
730,RA,D,D
731,B,A,A
732,C,AAA,AAA
733,A,D+,D+
734,D+,B,B
735,RA,B,B
736,D,AAA,AAA
737,A,D,D
738,B,AAA,AAA
739,A,B,B
740,AAA,A+,A+
741,B,D+,D+
742,AAA,C,C
743,B,D,D
744,A,A,A
745,B,C,C
746,B,A,A
747,D,C,C
748,A,C,C
749,B,B,B
750,B,C,C
751,AAA,A,A
752,B,B,B
753,C,B,B
754,A+,D+,D+
755,B,A,A
756,C,A,A
757,D,B,B
758,A,D,D
759,B,A,A
760,AAA,B,B
761,D+,A,A
762,B,AAA,AAA
763,AAA,B,B
764,B,B,B
765,AAA,C,C
766,C,A,A
767,B,B,B
768,AAA,RA,RA
769,B,O,O
770,A+,B,B
771,A+,D,D
772,A,B,B
773,B,D,D
774,A+,B,B
775,AAA,A+,A+
776,AAA,RA,RA
777,A,B,B
778,C,AAA,AAA
779,B,RA,RA
780,B,B,B
781,RA,RA,RA
782,A,AAA,AAA
783,D,C,C
784,RA,AAA,AAA
785,C,C,C
786,C,D+,D+
787,RA,RA,RA
788,B,B,B
789,B,C,C
790,RA,D+,RA
791,RA,B,RA
792,B,A+,B
793,D,A,D
794,B,A+,B
795,D,AAA,D
796,B,D+,B
797,RA,D,RA
798,O,AAA,O
799,D,A,D
800,C,B,C
801,A,RA,A
802,A+,AAA,A+
803,B,C,B
804,D+,C,D+
805,A+,D+,A+
806,A+,B,A+
807,B,A,B
808,RA,AAA,RA
809,B,RA,B
810,D,B,D
811,D,A,D
812,D+,C,D+
813,A,A+,A
814,C,B,C
815,C,A,C
816,B,A,B
817,D,RA,D
818,B,B,B
819,B,AAA,B
820,A,B,A
821,D+,B,D+
822,D+,B,D+
823,A,D,A
824,D,RA,D
825,RA,A,RA
826,O,AAA,O
827,D,AAA,D
828,B,A,B
829,A,RA,A
830,B,C,B
831,A,C,A
832,O,A+,O
833,B,A,B
834,C,AAA,C
835,RA,D,RA
836,B,D,B
837,O,A,O
838,A+,AAA,A+
839,RA,A,RA
840,A,O,A
841,A,C,A
842,B,A,B
843,B,A+,B
844,A,C,A
845,B,D,B
846,D,D+,D
847,D,AAA,D
848,C,C,C
849,D+,RA,D+
850,B,C,B
851,B,D,B
852,C,A,C
853,C,B,C
854,B,C,B
855,D,B,D
856,A,AAA,A
857,RA,B,RA
858,C,A,C
859,D+,D+,D+
860,D,C,D
861,B,B,B
862,RA,B,RA
863,A+,A,A+
864,B,B,B
865,B,B,B
866,B,B,B
867,B,A+,B
868,B,A+,B
869,RA,A,RA
870,A,D,A
871,B,A,B
872,RA,O,RA
873,D,O,D
874,B,B,B
875,C,D+,C
876,RA,C,RA
877,A+,B,A+
878,B,A,B
879,RA,A,RA
880,C,B,C
881,O,A,O
882,RA,A,RA
883,B,B,B
884,A+,O,A+
885,B,C,B
886,D,C,D
887,B,D,B
888,A+,RA,A+
889,C,AAA,C
890,RA,RA,RA
891,D+,A,D+
892,A+,C,A+
893,RA,RA,RA
894,O,A,O
895,B,D,B
896,C,A,C
897,O,D,O
898,A,B,A
899,D+,C,D+
900,O,B,O
901,B,A,B
902,A,A+,A
903,O,B,O
904,C,B,C
905,D+,B,D+
906,A+,A,A+
907,A,RA,A
908,C,C,C
909,A,B,A
910,D,B,D
911,D,C,D
912,A,B,A
913,A,A,A
914,C,AAA,C
915,A,RA,A
916,B,B,B
917,C,C,C
918,AAA,RA,AAA
919,O,A,O
920,AAA,B,AAA
921,AAA,AAA,AAA
922,A,A,A
923,B,RA,B
924,AAA,B,AAA
925,AAA,A,AAA
926,AAA,B,AAA
927,AAA,B,AAA
928,A,AAA,A
929,D,AAA,D
930,AAA,AAA,AAA
931,C,RA,C
932,B,A+,B
933,A,B,A
934,AAA,C,AAA
935,B,D,B
936,AAA,RA,AAA
937,B,B,B
938,AAA,O,AAA
939,B,RA,B
940,AAA,A,AAA
941,A+,C,A+
942,B,AAA,B
943,AAA,B,AAA
944,A,B,A
945,C,D,C
946,A,B,A
947,B,B,B
948,D,A,D
949,A,C,A
950,AAA,C,AAA
951,RA,A,RA
952,AAA,B,AAA
953,B,AAA,B
954,RA,B,RA
955,A,B,A
956,B,D+,B
957,D+,B,D+
958,AAA,C,AAA
959,A+,AAA,A+
960,AAA,C,AAA
961,D+,B,D+
962,B,C,B
963,AAA,A,AAA
964,C,B,C
965,C,A,C
966,B,D,B
967,RA,D+,RA
968,C,B,C
969,B,A+,B
970,C,AAA,C
971,A,C,A
972,D+,D,D+
973,C,C,C
974,A,D,A
975,B,AAA,B
976,B,B,B
977,D,C,D
978,C,B,C
979,B,A+,B
980,A,B,A
981,C,C,C
982,C,B,C
983,B,B,B
984,A+,B,A+
985,D,O,D
986,D+,B,D+
987,B,D,B
988,O,A+,O
989,B,B,B
990,D+,RA,D+
991,B,B,B
992,B,B,B
993,RA,O,RA
994,B,O,B
995,C,C,C
996,RA,C,RA
997,A,A+,A
998,B,AAA,B
999,RA,B,RA
1000,C,B,C
1001,A,B,A
1002,A+,D+,A+
1003,C,O,C
1004,B,B,B
1005,D,RA,D
1006,RA,B,RA
1007,C,A,C
1008,C,A+,C
1009,B,RA,B
1010,RA,D+,RA
1011,AAA,D+,AAA
1012,D+,A,D+
1013,A,D,A
1014,A+,B,A+
1015,RA,B,RA
1016,D,A,D
1017,A,A+,A
1018,C,D+,C
1019,A,A+,A
1020,A+,C,A+
1021,B,C,B
1022,C,C,C
1023,A,A+,A
1024,RA,AAA,RA
1025,B,B,B
1026,A,A,A
1027,A,B,A
1028,B,D+,B
1029,AAA,D+,AAA
1030,A,D,A
1031,A,A+,A
1032,AAA,D,AAA
1033,A,B,A
1034,AAA,C,AAA
1035,O,RA,O
1036,A,AAA,A
1037,C,B,C
1038,RA,A,RA
1039,D,A,D
1040,C,A,C
1041,B,AAA,B
1042,C,C,C
1043,C,A+,C
1044,A,O,A
1045,C,D+,C
1046,A,B,A
1047,B,A,B
1048,A+,D,A+
1049,AAA,B,AAA
1050,O,B,O
1051,C,AAA,C
1052,A,D,A
1053,C,D+,C
1054,AAA,AAA,AAA
1055,D+,A,D+
1056,B,A,B
1057,B,AAA,B
1058,B,C,B
1059,AAA,AAA,AAA
1060,C,A,C
1061,A+,B,A+
1062,B,C,B
1063,A+,D,A+
1064,B,RA,B
1065,A,B,A
1066,C,A,C
1067,C,D,C
1068,C,D+,C
1069,B,A+,B
1070,C,A+,C
1071,B,RA,B
1072,A,RA,A
1073,B,C,B
1074,B,C,B
1075,B,B,B
1076,O,A+,O
1077,A,B,A
1078,A+,RA,A+
1079,D,B,D
1080,B,A,B
1081,D,A,D
1082,A,C,A
1083,O,B,O
1084,A+,O,A+
1085,B,O,B
1086,AAA,B,AAA
1087,C,B,C
1088,A+,AAA,A+
1089,D+,B,D+
1090,B,B,B
1091,B,RA,B
1092,A+,C,A+
1093,O,B,O
1094,A,D,A
1095,A,O,A
1096,O,B,O
1097,C,C,C
1098,A,D,A
1099,B,A+,B
1100,AAA,C,AAA
1101,A,A,A
1102,B,AAA,B
1103,B,D,B
1104,A,D+,A
1105,B,A,B
1106,AAA,D,AAA
1107,C,RA,C
1108,B,C,B
1109,B,A,B
1110,A,D+,A
1111,C,A+,C
1112,B,C,B
1113,D,A,D
1114,D,C,D
1115,B,B,B
1116,D+,A+,D+
1117,B,D,B
1118,C,A,C
1119,A+,C,A+
1120,C,D,C
1121,A+,A,A+
1122,AAA,B,AAA
1123,AAA,A+,AAA
1124,AAA,AAA,AAA
1125,D,AAA,D
1126,A,O,A
1127,AAA,C,AAA
1128,D+,B,D+
1129,B,O,B
1130,B,C,B
1131,AAA,B,AAA
1132,D,B,D
1133,AAA,A,AAA
1134,B,D+,B
1135,A+,B,A+
1136,D+,B,D+
1137,C,C,C
1138,D,B,D
1139,A,AAA,A
1140,C,B,C
1141,A,O,A
1142,C,B,C
1143,C,B,C
1144,B,RA,B
1145,C,AAA,C
1146,A,D,A
1147,B,C,B
1148,B,D+,B
1149,D+,B,D+
1150,A,C,A
1151,A,B,A
1152,B,A,B
1153,D,A,D
1154,A,D+,A
1155,B,O,B
1156,A,A+,A
1157,AAA,B,AAA
1158,B,RA,B
1159,B,B,B
1160,C,C,C
1161,A,D,A
1162,B,O,B
1163,RA,RA,RA
1164,O,B,O
1165,B,D,B
1166,D,A,D
1167,B,AAA,B
1168,D,D,D
1169,B,A,B
1170,A+,C,A+
1171,RA,C,RA
1172,B,B,B
1173,AAA,A,AAA
1174,RA,A,RA
1175,B,AAA,B
1176,RA,RA,RA
1177,AAA,B,AAA
1178,C,B,C
1179,AAA,RA,AAA
1180,C,RA,C
1181,D+,B,D+
1182,RA,C,RA
1183,B,C,B
1184,C,C,C
1185,RA,RA,A
1186,RA,RA,B
1187,B,B,RA
1188,D,D,C
1189,B,B,C
1190,D,D,B
1191,B,B,B
1192,RA,RA,B
1193,O,O,RA
1194,D,D,B
1195,C,C,D
1196,A,A,B
1197,A+,A+,B
1198,B,B,B
1199,D+,D+,A+
1200,A+,A+,AAA
1201,A+,A+,B
1202,B,B,B
1203,RA,RA,A
1204,B,B,RA
1205,D,D,RA
1206,D,D,A+
1207,D+,D+,A
1208,A,A,C
1209,C,C,O
1210,C,C,AAA
1211,B,B,A
1212,D,D,B
1213,B,B,A
1214,B,B,B
1215,A,A,B
1216,D+,D+,D+
1217,D+,D+,D
1218,A,A,C
1219,D,D,D
1220,RA,RA,A+
1221,O,O,AAA
1222,D,D,O
1223,B,B,D
1224,A,A,O
1225,B,B,O
1226,A,A,A
1227,O,O,B
1228,B,B,O
1229,C,C,D+
1230,RA,RA,A+
1231,B,B,A+
1232,O,O,C
1233,A+,A+,AAA
1234,RA,RA,A+
1235,A,A,D
1236,A,A,B
1237,B,B,A+
1238,B,B,A
1239,A,A,RA
1240,B,B,A
1241,D,D,B
1242,D,D,B
1243,C,C,D+
1244,D+,D+,D
1245,B,B,B
1246,B,B,A
1247,C,C,B
1248,C,C,B
1249,B,B,AAA
1250,D,D,D+
1251,A,A,C
1252,RA,RA,B
1253,C,C,A
1254,D+,D+,B
1255,D,D,B
1256,B,B,AAA
1257,RA,RA,AAA
1258,A+,A+,A
1259,B,B,A
1260,B,B,A
1261,B,B,C
1262,B,B,B
1263,B,B,A
1264,RA,RA,RA
1265,A,A,AAA
1266,B,B,B
1267,RA,RA,B
1268,D,D,D+
1269,B,B,A
1270,C,C,A
1271,RA,RA,B
1272,A+,A+,D
1273,B,B,D+
1274,RA,RA,C
1275,C,C,D
1276,O,O,AAA
1277,RA,RA,C
1278,B,B,B
1279,A+,A+,D
1280,B,B,D+
1281,D,D,C
1282,B,B,A
1283,A+,A+,A
1284,C,C,RA
1285,RA,RA,D
1286,D+,D+,A
1287,A+,A+,O
1288,RA,RA,D
1289,O,O,C
1290,B,B,A
1291,C,C,B
1292,O,O,O
1293,A,A,RA
1294,D+,D+,RA
1295,O,O,AAA
1296,B,B,B
1297,A,A,RA
1298,O,O,B
1299,C,C,B
1300,D+,D+,D+
1301,A+,A+,B
1302,A,A,C
1303,C,C,A
1304,A,A,D
1305,D,D,A
1306,D,D,A
1307,A,A,A+
1308,A,A,C
1309,C,C,AAA
1310,A,A,C
1311,B,B,A+
1312,C,C,RA
1313,AAA,AAA,B
1314,O,O,B
1315,AAA,AAA,B
1316,AAA,AAA,C
1317,A,A,AAA
1318,B,B,A+
1319,AAA,AAA,O
1320,AAA,AAA,RA
1321,AAA,AAA,A+
1322,AAA,AAA,B
1323,A,A,D
1324,D,D,O
1325,AAA,AAA,B
1326,C,C,AAA
1327,B,B,AAA
1328,A,A,O
1329,AAA,AAA,C
1330,B,B,B
1331,AAA,AAA,B
1332,B,B,A+
1333,AAA,AAA,A
1334,B,B,B
1335,AAA,AAA,AAA
1336,A+,A+,D+
1337,B,B,RA
1338,AAA,AAA,A
1339,A,A,B
1340,C,C,O
1341,A,A,C
1342,B,B,B
1343,D,D,AAA
1344,A,A,D
1345,AAA,AAA,AAA
1346,RA,RA,B
1347,AAA,AAA,D+
1348,B,B,B
1349,RA,RA,C
1350,A,A,D
1351,B,B,C
1352,D+,D+,B
1353,AAA,AAA,AAA
1354,A+,A+,A
1355,AAA,AAA,A
1356,D+,D+,AAA
1357,B,B,AAA
1358,AAA,AAA,A
1359,C,C,C
1360,C,C,A
1361,B,B,AAA
1362,RA,RA,A
1363,C,C,O
1364,B,B,A
1365,C,C,B
1366,A,A,A+
1367,D+,D+,A
1368,C,C,B
1369,A,A,RA
1370,B,B,C
1371,B,B,C
1372,D,D,A
1373,C,C,O
1374,B,B,A+
1375,A,A,RA
1376,C,C,D
1377,C,C,D
1378,B,B,A
1379,A+,A+,AAA
1380,D,D,B
1381,D+,D+,B
1382,B,B,B
1383,O,O,B
1384,B,B,A
1385,D+,D+,C
1386,B,B,B
1387,B,B,B
1388,RA,RA,C
1389,B,B,B
1390,C,C,A
1391,RA,RA,C
1392,A,A,B
1393,B,B,D
1394,RA,RA,B
1395,C,C,A
1396,A,A,A+
1397,A+,A+,C
1398,C,C,A
1399,B,B,C
1400,D,D,B
1401,RA,RA,B
1402,C,C,D
1403,C,C,RA
1404,B,B,D
1405,RA,RA,A+
1406,AAA,AAA,D
1407,D+,D+,RA
1408,A,A,D
1409,A+,A+,O
1410,RA,RA,RA
1411,D,D,AAA
1412,A,A,B
1413,C,C,D
1414,A,A,AAA
1415,A+,A+,D
1416,B,B,B
1417,C,C,AAA
1418,A,A,A+
1419,RA,RA,B
1420,B,B,B
1421,A,A,A
1422,A,A,B
1423,B,B,B
1424,AAA,AAA,A+
1425,A,A,A
1426,A,A,AAA
1427,AAA,AAA,A+
1428,A,A,A
1429,AAA,AAA,RA
1430,O,O,RA
1431,A,A,AAA
1432,C,C,C
1433,RA,RA,C
1434,D,D,B
1435,C,C,C
1436,B,B,C
1437,C,C,B
1438,C,C,B
1439,A,A,AAA
1440,C,C,A+
1441,A,A,D+
1442,B,B,B
1443,A+,A+,D
1444,AAA,AAA,B
1445,O,O,D
1446,C,C,AAA
1447,A,A,RA
1448,C,C,D
1449,AAA,AAA,B
1450,D+,D+,B
1451,B,B,A
1452,B,B,AAA
1453,B,B,A
1454,AAA,AAA,C
1455,C,C,D+
1456,A+,A+,RA
1457,B,B,O
1458,A+,A+,B
1459,B,B,C
1460,A,A,O
1461,C,C,A
1462,C,C,A+
1463,C,C,C
1464,B,B,D+
1465,C,C,B
1466,B,B,O
1467,A,A,C
1468,B,B,A
1469,B,B,A+
1470,B,B,A
1471,O,O,D+
1472,A,A,AAA
1473,A+,A+,A
1474,D,D,C
1475,B,B,A
1476,D,D,C
1477,A,A,B
1478,O,O,C
1479,A+,A+,D+
1480,B,B,B
1481,AAA,AAA,AAA
1482,C,C,A
1483,A+,A+,A
1484,D+,D+,C
1485,B,B,B
1486,B,B,B
1487,A+,A+,C
1488,O,O,C
1489,A,A,A
1490,A,A,D
1491,O,O,B
1492,C,C,RA
1493,A,A,C
1494,B,B,B
1495,AAA,AAA,RA
1496,A,A,RA
1497,B,B,B
1498,B,B,B
1499,A,A,D+
1500,B,B,B
1501,AAA,AAA,C
1502,C,C,A
1503,B,B,A
1504,B,B,A+
1505,A,A,AAA
1506,C,C,D+
1507,B,B,C
1508,D,D,D
1509,D,D,AAA
1510,B,B,B
1511,D+,D+,B
1512,B,B,C
1513,C,C,D+
1514,A+,A+,D+
1515,C,C,RA
1516,A+,A+,A
1517,AAA,AAA,AAA
1518,AAA,AAA,D+
1519,AAA,AAA,C
1520,D,D,A+
1521,A,A,C
1522,AAA,AAA,RA
1523,D+,D+,B
1524,B,B,D
1525,B,B,B
1526,AAA,AAA,B
1527,D,D,C
1528,AAA,AAA,B
1529,B,B,B
1530,A+,A+,A
1531,D+,D+,RA
1532,C,C,D+
1533,D,D,A
1534,A,A,D+
1535,C,C,A
1536,A,A,B
1537,C,C,B
1538,C,C,C
1539,B,B,C
1540,C,C,A+
1541,A,A,C
1542,B,B,B
1543,B,B,A
1544,D+,D+,C
1545,A,A,C
1546,A,A,B
1547,B,B,A
1548,D,D,AAA
1549,A,A,B
1550,B,B,C
1551,A,A,C
1552,AAA,AAA,C
1553,B,B,A
1554,B,B,C
1555,C,C,A
1556,A,A,AAA
1557,B,B,RA
1558,RA,RA,C
1559,O,O,B
1560,B,B,B
1561,D,D,A+
1562,B,B,RA
1563,D,D,B
1564,B,B,B
1565,A+,A+,D
1566,RA,RA,RA
1567,B,B,C
1568,AAA,AAA,D
1569,RA,RA,AAA
1570,B,B,B
1571,RA,RA,A
1572,AAA,AAA,B
1573,C,C,RA
1574,AAA,AAA,B
1575,C,C,B
1576,D+,D+,C
1577,RA,RA,A+
1578,B,B,O
1579,C,C,D
1580,B,D,RA
1581,AAA,D,RA
1582,RA,D+,B
1583,C,D,D
1584,D,D,B
1585,D,A,D
1586,A,AAA,B
1587,B,A,RA
1588,AAA,A+,O
1589,D,C,D
1590,C,C,C
1591,AAA,AAA,A
1592,A,D+,A+
1593,C,C,B
1594,D+,B,D+
1595,B,D+,A+
1596,AAA,D,A+
1597,C,A,B
1598,D,O,RA
1599,C,A,B
1600,A,B,D
1601,C,A,D
1602,B,B,D+
1603,RA,O,A
1604,AAA,B,C
1605,A+,A,C
1606,A,B,B
1607,A,D,D
1608,C,B,B
1609,D+,RA,B
1610,B,B,A
1611,A,B,D+
1612,B,AAA,D+
1613,C,B,A
1614,AAA,AAA,D
1615,RA,C,RA
1616,AAA,AAA,O
1617,C,A+,D
1618,C,O,B
1619,B,B,A
1620,A+,C,B
1621,B,B,A
1622,B,RA,O
1623,A+,A,B
1624,C,A,C
1625,C,B,RA
1626,A+,A,B
1627,AAA,D,O
1628,A,D,A+
1629,C,B,RA
1630,RA,A,A
1631,C,B,A
1632,A,O,B
1633,B,A,B
1634,A,B,A
1635,C,B,B
1636,A+,C,D
1637,A,C,D
1638,C,D+,C
1639,D,C,D+
1640,A,AAA,B
1641,B,B,B
1642,B,C,C
1643,B,D+,C
1644,B,C,B
1645,D,A,D
1646,B,B,A
1647,AAA,A,RA
1648,D+,RA,C
1649,A+,B,D+
1650,B,C,D
1651,AAA,B,B
1652,B,A+,RA
1653,C,A+,A+
1654,C,B,B
1655,C,AAA,B
1656,B,B,B
1657,B,A,B
1658,A,C,B
1659,A+,A+,RA
1660,AAA,AAA,A
1661,B,A,B
1662,A+,O,RA
1663,C,AAA,D
1664,B,B,B
1665,B,B,C
1666,AAA,B,RA
1667,A+,O,A+
1668,B,B,B
1669,D,B,RA
1670,D+,C,C
1671,AAA,D+,O
1672,C,D+,RA
1673,RA,D,B
1674,B,B,A+
1675,B,A,B
1676,A+,D,D
1677,C,B,B
1678,C,O,A+
1679,A+,B,C
1680,C,A,RA
1681,AAA,RA,D+
1682,O,A,A+
1683,C,A,RA
1684,C,C,O
1685,O,O,B
1686,D,B,C
1687,A,A+,O
1688,C,C,A
1689,B,A,D+
1690,RA,C,O
1691,B,AAA,B
1692,B,AAA,A
1693,C,D,O
1694,B,D+,C
1695,D+,A,D+
1696,C,B,A+
1697,A,O,A
1698,B,RA,C
1699,A+,D+,A
1700,RA,AAA,D
1701,O,AAA,D
1702,B,A+,A
1703,AAA,B,A
1704,B,B,C
1705,A,B,A
1706,B,A+,B
1707,AAA,A+,C
1708,B,A,AAA
1709,D+,A,O
1710,C,RA,AAA
1711,A+,B,AAA
1712,C,AAA,A
1713,A,C,B
1714,RA,A+,AAA
1715,RA,B,AAA
1716,A+,C,AAA
1717,B,D,AAA
1718,AAA,B,A
1719,D+,B,D
1720,A+,A+,AAA
1721,AAA,AAA,C
1722,D+,B,B
1723,C,A+,A
1724,C,A,AAA
1725,A,RA,B
1726,D,B,AAA
1727,C,A+,B
1728,D,RA,AAA
1729,D,B,B
1730,B,B,AAA
1731,D,AAA,A+
1732,B,B,B
1733,A,D,AAA
1734,C,D,A
1735,B,C,C
1736,A+,B,A
1737,RA,AAA,B
1738,AAA,A,D
1739,RA,O,A
1740,RA,C,AAA
1741,A,O,RA
1742,B,AAA,AAA
1743,O,B,B
1744,D,A,RA
1745,B,B,A
1746,B,C,B
1747,B,C,D+
1748,D,A,AAA
1749,RA,D,A+
1750,B,B,AAA
1751,D+,A+,D+
1752,A+,D+,B
1753,D,B,AAA
1754,D,AAA,C
1755,B,D,C
1756,B,C,B
1757,C,A,RA
1758,B,B,C
1759,RA,D+,B
1760,B,C,C
1761,RA,B,A
1762,A,B,D+
1763,A,B,C
1764,A,C,A
1765,B,B,B
1766,A,AAA,B
1767,B,C,D
1768,A,B,C
1769,B,B,B
1770,AAA,B,A
1771,D,AAA,C
1772,B,A+,C
1773,D+,D,B
1774,C,B,A+
1775,A,A,D
1776,B,D,D+
1777,AAA,A,B
1778,A,D,O
1779,B,A,B
1780,B,C,D+
1781,O,C,B
1782,B,C,B
1783,D,AAA,RA
1784,B,B,B
1785,D,B,C
1786,A,A,RA
1787,B,B,A
1788,AAA,B,B
1789,B,AAA,RA
1790,D+,O,C
1791,D,B,A
1792,C,A,A+
1793,AAA,AAA,C
1794,C,A,B
1795,C,A+,D
1796,B,RA,RA
1797,D+,D+,C
1798,B,B,C
1799,A,D,B
1800,B,A,RA
1801,C,B,AAA
1802,AAA,C,D+
1803,O,B,A
1804,D,AAA,A+
1805,B,B,RA
1806,A+,RA,D
1807,B,B,A
1808,B,B,C
1809,B,B,A
1810,A,C,A+
1811,B,A,B
1812,A,D,C
1813,B,C,A
1814,D+,B,RA
1815,A+,C,B
1816,D+,RA,A
1817,A,C,A
1818,AAA,A+,B
1819,O,D,AAA
1820,A,B,A
1821,A,RA,A
1822,A+,RA,AAA
1823,AAA,RA,A
1824,D+,A,AAA
1825,D,B,O
1826,B,D,A
1827,A+,B,C
1828,A,C,RA
1829,C,RA,D
1830,D,A,C
1831,D,C,B
1832,D+,A,C
1833,A,D,C
1834,A,B,A
1835,B,O,C
1836,AAA,A,A
1837,D,RA,B
1838,C,A+,A+
1839,A,B,AAA
1840,O,A,O
1841,B,B,C
1842,RA,RA,A
1843,A,A,C
1844,B,C,AAA
1845,C,O,D+
1846,A,C,B
1847,AAA,B,B
1848,A,RA,B
1849,A,B,AAA
1850,B,C,C
1851,A,C,A+
1852,A,D+,B
1853,A,A+,A+
1854,D+,RA,B
1855,A,B,A
1856,B,D,C
1857,B,D,C
1858,O,A+,C
1859,O,B,B
1860,D,C,C
1861,B,RA,B
1862,D+,B,A
1863,O,C,B
1864,AAA,D,B
1865,C,A,B
1866,C,B,O
1867,A,AAA,A
1868,B,C,A+
1869,C,B,D
1870,AAA,C,B
1871,D,RA,D
1872,B,C,A
1873,AAA,C,O
1874,B,B,A+
1875,RA,C,B
1876,D,AAA,AAA
1877,D+,A,C
1878,A,RA,A+
1879,C,A,D+
1880,B,A,B
1881,A,B,B
1882,RA,AAA,A+
1883,C,B,O
1884,B,D+,A
1885,C,B,A
1886,B,A+,O
1887,B,A,C
1888,RA,A,A
1889,A+,AAA,B
1890,B,RA,AAA
1891,RA,C,A
1892,A,A,B
1893,B,C,B
1894,B,C,A
1895,A,A,B
1896,O,B,AAA
1897,B,B,C
1898,B,O,B
1899,C,C,B
1900,O,C,A
1901,B,D+,C
1902,A+,B,B
1903,A,A,D
1904,RA,RA,D
1905,B,C,B
1906,A,C,D+
1907,RA,RA,B
1908,B,B,C
1909,RA,D,A+
1910,O,D+,C
1911,RA,A,A+
1912,A+,AAA,AAA
1913,B,C,AAA
1914,B,A,AAA
1915,O,D,D
1916,B,B,A
1917,RA,A+,AAA
1918,A,D,D+
1919,D,C,B
1920,C,D+,B
1921,B,RA,AAA
1922,C,O,D
1923,RA,D,AAA
1924,AAA,AAA,B
1925,O,A,A+
1926,A,A,D+
1927,B,B,C
1928,D,B,D
1929,AAA,D+,A
1930,C,A+,C
1931,A,RA,A
1932,B,D,C
1933,A,A+,C
1934,C,B,B
1935,B,A,C
1936,C,A,A
1937,A+,O,B
1938,D+,B,B
1939,AAA,RA,D+
1940,A+,C,A
1941,RA,A,A
1942,A,O,B
1943,D+,D,D
1944,B,D+,A
1945,B,D+,B
1946,B,AAA,A
1947,D,B,AAA
1948,D,C,B
1949,B,A,B
1950,C,RA,C
1951,O,A+,A
1952,A,RA,B
1953,B,RA,RA
1954,RA,B,O
1955,B,AAA,B
1956,AAA,A,D
1957,C,C,B
1958,D+,RA,D
1959,AAA,AAA,B
1960,AAA,AAA,A+
1961,C,D+,RA
1962,A,D+,B
1963,A,A+,AAA
1964,C,AAA,RA
1965,AAA,B,B
1966,RA,AAA,RA
1967,RA,A,AAA
1968,RA,B,C
1969,A,AAA,AAA
1970,A+,A,C
1971,O,C,D+
1972,D,B,RA
1973,A,A+,B
1974,RA,B,C
1975,B,RA,B
1976,B,RA,A+
1977,RA,B,A+
1978,B,D,A+
1979,B,B,AAA
1980,C,D,AAA
1981,AAA,B,RA
1982,B,RA,D
1983,B,O,B
1984,B,D,O
1985,AAA,C,C
1986,AAA,A,A
1987,O,A+,A+
1988,C,B,AAA
1989,B,D+,B
1990,AAA,A+,O
1991,B,A+,A
1992,D,B,A
1993,B,RA,B
1994,B,B,A
1995,B,D,RA
1996,A,D,C
1997,AAA,D+,C
1998,A,A,D
1999,D+,C,D
2000,A+,C,B
2001,O,B,C
2002,O,D,D+
2003,A,B,A+
2004,C,B,C
2005,C,A,O
2006,RA,D+,RA
2007,C,D+,B
2008,B,A,A
2009,O,D,O
2010,D+,RA,C
2011,D,O,C
2012,D+,D,C
2013,RA,B,B
2014,D,A,B
2015,RA,B,C
2016,B,A,AAA
2017,B,O,B
2018,RA,B,A
2019,A,C,C
2020,D,RA,A
2021,B,B,A
2022,A+,O,B
2023,C,A+,A
2024,A,RA,C
2025,C,A,B
2026,B,A,C
2027,D+,B,AAA
2028,AAA,B,D+
2029,B,A,D
2030,D+,B,B
2031,RA,D,B
2032,B,D,O
2033,A,C,B
2034,D,D+,A+
2035,A+,B,C
2036,D,B,A
2037,A,C,B
2038,AAA,C,AAA
2039,C,B,A
2040,D+,D,O
2041,B,A,B
2042,RA,RA,B
2043,AAA,C,B
2044,A,D+,A
2045,O,D,A
2046,O,B,A
2047,A,RA,B
2048,O,A+,B
2049,C,B,B
2050,C,B,AAA
2051,AAA,B,B
2052,O,B,A
2053,A+,B,C
2054,AAA,RA,A+
2055,D,A,B
2056,B,B,B
2057,RA,RA,B
2058,D+,D,A+
2059,AAA,B,B
2060,B,C,D+
2061,A,RA,B
2062,C,A+,B
2063,AAA,B,B
2064,B,RA,B
2065,C,C,A
2066,D+,O,C
2067,B,RA,A
2068,C,B,A
2069,O,A+,C
2070,D,B,B
2071,C,D,A
2072,D+,B,C
2073,B,A+,A
2074,B,C,B
2075,B,RA,AAA
2076,C,D+,B
2077,AAA,A+,C
2078,D+,RA,B
2079,AAA,O,A+
2080,RA,B,AAA
2081,D,C,A
2082,B,O,D
2083,C,A,C
2084,A,D+,B
2085,A,O,B
2086,D,B,B
2087,A,A,AAA
2088,A+,O,D
2089,A,C,B
2090,A,D+,C
2091,D,A+,B
2092,D,A,D
2093,B,C,A
2094,AAA,A,AAA
2095,B,D,RA
2096,RA,D,AAA
2097,RA,A,B
2098,RA,A,RA
2099,RA,C,B
2100,A,A,AAA
2101,C,B,A
2102,AAA,C,A
2103,RA,AAA,D+
2104,AAA,O,O
2105,B,AAA,C
2106,B,AAA,C
2107,AAA,A,B
2108,AAA,B,A+
2109,B,AAA,A
2110,B,AAA,D
2111,B,AAA,AAA
2112,B,AAA,B
2113,D+,A,A
2114,C,D,O
2115,A+,AAA,C
2116,C,C,C
2117,A+,B,B
2118,B,A,AAA
2119,A+,AAA,A
2120,B,B,D+
2121,C,AAA,AAA
2122,C,B,C
2123,D+,AAA,B
2124,B,B,RA
2125,B,AAA,A
2126,A,A+,RA
2127,A,B,A
2128,A,AAA,C
2129,AAA,A,A+
2130,A,C,A+
2131,B,A,B
2132,A,B,D
2133,RA,D,RA
2134,B,A,A+
2135,C,AAA,RA
2136,B,RA,A
2137,AAA,AAA,B
2138,C,B,RA
2139,B,RA,AAA
2140,C,A,AAA
2141,A+,B,AAA
2142,C,D+,C
2143,D,AAA,B
2144,B,A+,D+
2145,O,AAA,B
2146,C,D+,AAA
2147,B,B,A
2148,C,AAA,A+
2149,D+,C,B
2150,A,C,A
2151,B,B,C
2152,C,RA,RA
2153,AAA,C,B
2154,A,B,C
2155,B,C,O
2156,A,A,B
2157,A,D+,C
2158,C,C,A+
2159,B,A,D+
2160,D,B,A+
2161,B,B,O
2162,AAA,D,AAA
2163,RA,C,B
2164,A,B,AAA
2165,A+,A,D+
2166,C,C,B
2167,C,C,B
2168,A,B,D
2169,A+,A+,D
2170,A,D,A+
2171,O,D+,D
2172,B,B,A
2173,D,O,RA
2174,C,B,B
2175,B,D+,A
2176,D+,B,B
2177,B,B,AAA
2178,B,RA,AAA
2179,A,B,B
2180,D,C,C
2181,C,RA,C
2182,A,A,A
2183,D,B,AAA
2184,B,RA,D+
2185,A,C,RA
2186,C,A,B
2187,C,A+,B
2188,C,C,B
2189,C,B,C
2190,RA,D,B
2191,B,RA,B
2192,B,C,B
2193,A+,C,C
2194,D,B,A
2195,A+,RA,C
2196,B,AAA,A
2197,B,D+,RA
2198,D,A,AAA
2199,RA,A+,B
2200,RA,RA,D
2201,O,D,C
2202,B,A,A
2203,AAA,C,RA
2204,RA,A,B
2205,B,A+,D+
2206,A+,B,RA
2207,AAA,C,AAA
2208,A+,A,AAA
2209,A,RA,RA
2210,D,B,AAA
2211,B,A,B
2212,C,A,B
2213,RA,B,RA
2214,C,AAA,D+
2215,O,A,AAA
2216,D,A,D
2217,B,AAA,D
2218,A,A,RA
2219,B,AAA,D
2220,A,O,C
2221,AAA,A,A
2222,A+,C,C
2223,B,RA,C
2224,AAA,D,RA
2225,B,C,D
2226,A+,B,C
2227,C,C,D
2228,A+,C,RA
2229,A,A,A
2230,B,C,O
2231,A,A,B
2232,RA,B,RA
2233,D+,A+,AAA
2234,B,AAA,B
2235,AAA,O,C
2236,O,C,B
2237,A+,A,RA
2238,D,C,O
2239,B,AAA,B
2240,B,D+,D
2241,B,B,D
2242,AAA,B,B
2243,A+,B,C
2244,A,AAA,AAA
2245,C,C,B
2246,B,A+,B
2247,B,B,A
2248,D+,A+,A+
2249,A,B,C
2250,A,A,B
2251,B,C,B
2252,B,C,A
2253,B,C,O
2254,RA,B,A+
2255,A+,C,B
2256,AAA,B,AAA
2257,A,A,AAA
2258,RA,B,RA
2259,D,B,D
2260,RA,B,D
2261,A,O,O
2262,A,A,C
2263,A+,A+,A
2264,A,D,C
2265,A+,B,D+
2266,C,D,D
2267,C,A,A
2268,C,O,A
2269,A,A+,D
2270,B,B,B
2271,D,AAA,A
2272,AAA,C,C
2273,RA,A+,C
2274,A,D+,B
2275,C,B,D
2276,D,B,B
2277,B,A+,A
2278,C,O,B
2279,AAA,A,B
2280,D,A,B
2281,B,O,O
2282,B,C,D
2283,A,A,AAA
2284,B,B,AAA
2285,A,AAA,D
2286,B,A,A+
2287,D+,B,B
2288,AAA,B,O
2289,A,A,C
2290,B,B,D
2291,D,AAA,B
2292,A,C,B
2293,B,B,B
2294,A,B,D+
2295,D+,A,D+
2296,B,C,A
2297,C,B,B
2298,RA,D,D+
2299,A,D,B
2300,C,B,D+
2301,B,D+,A+
2302,A,B,B
2303,RA,C,A
2304,RA,A+,AAA
2305,C,C,A
2306,A,A+,A
2307,B,AAA,A
2308,D+,AAA,C
2309,B,AAA,C
2310,D+,D,RA
2311,C,A,B
2312,RA,AAA,B
2313,A,D+,A+
2314,B,B,A+
2315,B,B,B
2316,D,AAA,C
2317,O,D,A
2318,D,AAA,B
2319,A,B,D
2320,B,A+,D+
2321,C,D+,B
2322,RA,C,A
2323,A,D,B
2324,A+,A,D
2325,B,C,A+
2326,O,A,A+
2327,C,C,A
2328,AAA,C,B
2329,RA,B,A
2330,AAA,C,C
2331,B,A,RA
2332,D,B,A
2333,C,B,C
2334,A,D+,B
2335,D,A,D
2336,C,A,D+
2337,C,B,A+
2338,C,D,A
2339,B,A,D+
2340,B,B,D+
2341,A+,A,O
2342,A,AAA,B
2343,A+,B,C
2344,D,B,O
2345,A,C,RA
2346,AAA,A,A
2347,C,B,D+
2348,B,RA,D
2349,D+,O,B
2350,B,B,RA
2351,O,D,D
2352,A+,B,C
2353,B,D,AAA
2354,B,B,A
2355,C,A+,B
2356,A,RA,RA
2357,B,B,A+
2358,B,AAA,C
2359,D,RA,C
2360,A,B,RA
2361,B,RA,A
2362,A,AAA,RA
2363,AAA,C,A
2364,C,AAA,C
2365,AAA,C,B
2366,B,D+,RA
2367,C,RA,C
2368,O,B,C
2369,D+,C,D+
2370,RA,B,A+
2371,RA,AAA,AAA
2372,B,O,RA
2373,D,C,O
2374,B,C,B
2375,D,C,C
2376,B,O,B
2377,RA,C,C
2378,O,RA,B
2379,D,C,D+
2380,C,C,O
2381,A,D+,A
2382,A+,B,C
2383,B,B,AAA
2384,D+,C,A+
2385,A+,A,C
2386,A+,D,AAA
2387,B,B,AAA
2388,RA,O,B
2389,B,AAA,B
2390,D,AAA,D
2391,D,AAA,A+
2392,D+,D,D+
2393,A,B,C
2394,C,D+,B
2395,C,B,A
2396,B,D,B
2397,D,C,D+
2398,B,B,B
2399,B,AAA,A
2400,A,C,D
2401,D+,B,B
2402,D+,A,RA
2403,A,B,B
2404,D,B,O
2405,RA,A+,D
2406,O,A,B
2407,D,A,B
2408,B,RA,A
2409,A,A,A+
2410,B,A+,RA
2411,A,AAA,A
2412,O,AAA,B
2413,B,C,B
2414,C,B,AAA
2415,RA,A,AAA
2416,B,A,B
2417,O,RA,B
2418,A+,A,D
2419,RA,B,A
2420,A,D,RA
2421,A,D,AAA
2422,B,B,D
2423,B,A,A
2424,A,A,C
2425,B,C,D+
2426,D,A+,O
2427,D,C,AAA
2428,C,C,D
2429,D+,B,C
2430,B,C,C
2431,B,C,B
2432,C,D,D
2433,C,O,A
2434,B,D+,B
2435,D,A,C
2436,A,RA,B
2437,RA,A,AAA
2438,C,D,AAA
2439,D+,B,C
2440,D,AAA,A
2441,B,RA,B
2442,RA,D+,D+
2443,A+,C,AAA
2444,B,O,B
2445,B,B,B
2446,B,RA,B
2447,B,B,B
2448,B,AAA,RA
2449,RA,D,B
2450,A,C,RA
2451,B,B,A
2452,RA,B,A
2453,D,RA,C
2454,B,D,C
2455,C,D+,A+
2456,RA,C,C
2457,A+,A+,D+
2458,B,RA,A
2459,RA,A+,D+
2460,C,B,C
2461,O,B,A
2462,RA,C,B
2463,B,AAA,A
2464,A+,D,B
2465,B,C,O
2466,D,AAA,B
2467,B,B,B
2468,A+,RA,D+
2469,C,A+,B
2470,RA,AAA,B
2471,D+,B,A
2472,A+,C,A
2473,RA,C,A+
2474,O,C,B
2475,B,D,B
2476,C,A+,A
2477,O,A,B
2478,A,B,A
2479,D+,B,AAA
2480,O,D,A
2481,B,AAA,C
2482,A,C,A
2483,O,D+,C
2484,C,C,A
2485,D+,A+,A+
2486,A+,A,C
2487,A,B,AAA
2488,C,A,A
2489,A,D+,D
2490,D,A,D
2491,D,C,A
2492,A,C,A
2493,A,A,O
2494,C,A,O
2495,A,RA,C
2496,B,D+,A+
2497,C,RA,C
2498,AAA,RA,C
2499,O,C,B
2500,AAA,AAA,RA
2501,AAA,B,O
2502,A,B,RA
2503,B,D+,AAA
2504,AAA,C,D+
2505,AAA,AAA,C
2506,AAA,AAA,A+
2507,AAA,B,D+
2508,A,A,O
2509,D,B,B
2510,AAA,A,B
2511,C,B,RA
2512,B,RA,D
2513,A,A,A+
2514,AAA,B,C
2515,B,A,C
2516,AAA,C,A
2517,B,C,C
2518,AAA,RA,B
2519,B,A+,B
2520,AAA,B,D
2521,A+,B,A
2522,B,A,B
2523,AAA,B,B
2524,A,D,RA
2525,C,A+,B
2526,A,AAA,C
2527,B,RA,B
2528,D,A+,C
2529,A,AAA,B
2530,AAA,D,AAA
2531,RA,B,RA
2532,AAA,B,AAA
2533,B,C,RA
2534,RA,RA,A
2535,A,B,B
2536,B,D,A
2537,D+,C,AAA
2538,AAA,C,C
2539,A+,B,D+
2540,AAA,B,B
2541,D+,D,A
2542,B,A,A+
2543,AAA,B,A+
2544,C,C,B
2545,C,O,A+
2546,B,B,A
2547,RA,D,RA
2548,C,D,A+
2549,B,A,AAA
2550,C,A+,B
2551,A,RA,B
2552,D+,B,C
2553,C,B,C
2554,A,A+,B
2555,B,RA,D
2556,B,RA,B
2557,D,B,D+
2558,C,RA,B
2559,B,B,B
2560,A,O,AAA
2561,C,A,AAA
2562,C,RA,A+
2563,B,A+,AAA
2564,A+,O,O
2565,D,A,O
2566,D+,AAA,C
2567,B,A,A
2568,O,O,C
2569,B,A,B
2570,D+,D+,A
2571,B,AAA,D
2572,B,C,A+
2573,RA,B,B
2574,B,B,D
2575,C,C,C
2576,RA,B,A
2577,A,C,A
2578,B,D,AAA
2579,RA,B,D
2580,C,A,C
2581,A,B,AAA
2582,A+,AAA,B
2583,C,A,A
2584,B,B,RA
2585,D,A,AAA
2586,RA,O,D
2587,C,A+,C
2588,C,AAA,B
2589,B,B,A+
2590,RA,A,D
2591,AAA,B,D
2592,D+,D,B
2593,A,C,D
2594,A+,B,C
2595,RA,A+,B
2596,D,B,A
2597,A,O,O
2598,C,A+,B
2599,A,A,A
2600,A+,A+,O
2601,B,A+,B
2602,C,RA,A
2603,A,A,B
2604,RA,D+,C
2605,B,A+,A+
2606,A,A,D
2607,A,B,RA
2608,B,O,D
2609,AAA,B,A
2610,A,AAA,A
2611,A,A,RA
2612,AAA,A,A
2613,A,B,C
2614,AAA,A,O
2615,O,AAA,B
2616,A,C,RA
2617,C,B,A
2618,RA,C,B
2619,D,B,B
2620,C,C,C
2621,B,B,AAA
2622,C,C,C
2623,C,A,B
2624,A,C,C
2625,C,O,RA
2626,A,C,D
2627,B,RA,C
2628,A+,RA,D
2629,AAA,O,RA
2630,O,B,B
2631,C,A+,B
2632,A,D,O
2633,C,B,B
2634,AAA,D,A
2635,D+,AAA,C
2636,B,A+,RA
2637,B,AAA,D+
2638,B,A+,RA
2639,AAA,C,D+
2640,C,B,A+
2641,A+,A,AAA
2642,B,B,A+
2643,A+,A,B
2644,B,C,RA
2645,A,A,D+
2646,C,O,A
2647,C,A,D
2648,C,C,B
2649,B,D,B
2650,C,C,A
2651,B,AAA,RA
2652,A,D+,A
2653,B,C,O
2654,B,B,B
2655,B,O,A+
2656,O,A,C
2657,A,C,B
2658,A+,AAA,D
2659,D,C,C
2660,B,B,A
2661,D,B,B
2662,A,A+,A+
2663,O,A,AAA
2664,A+,AAA,D
2665,B,AAA,C
2666,AAA,A,B
2667,C,AAA,D+
2668,A+,D+,C
2669,D+,B,A
2670,B,A,D
2671,B,A,A+
2672,A+,AAA,B
2673,O,B,B
2674,A,RA,C
2675,A,A,AAA
2676,O,B,B
2677,C,A,C
2678,A,A,A
2679,B,C,RA
2680,AAA,C,B
2681,A,B,RA
2682,B,D,D+
2683,B,B,A
2684,A,B,AAA
2685,B,D,B
2686,AAA,B,D+
2687,C,AAA,B
2688,B,B,B
2689,B,B,D
2690,A,RA,A
2691,C,AAA,D+
2692,B,B,A
2693,D,A,C
2694,D,B,C
2695,B,B,B
2696,D+,B,B
2697,B,C,AAA
2698,C,A,RA
2699,A+,AAA,RA
2700,C,D,B
2701,A+,D+,A
2702,AAA,D+,B
2703,AAA,D,C
2704,AAA,D,D
2705,D,B,B
2706,A,B,A+
2707,AAA,B,A
2708,D+,B,O
2709,B,A,C
2710,B,B,D
2711,AAA,B,B
2712,D,B,A
2713,AAA,B,AAA
2714,B,D,D
2715,A+,B,A
2716,D+,RA,B
2717,C,O,B
2718,D,B,AAA
2719,A,RA,A
2720,C,A+,AAA
2721,A,AAA,A+
2722,C,AAA,B
2723,C,C,AAA
2724,B,D,AAA
2725,C,RA,A
2726,A,B,RA
2727,B,B,AAA
2728,B,A,B
2729,D+,A+,RA
2730,A,A,D+
2731,A,B,B
2732,B,A,RA
2733,D,O,A
2734,A,A,B
2735,B,D,C
2736,A,D+,C
2737,AAA,B,RA
2738,B,D+,C
2739,B,D+,D+
2740,C,B,D+
2741,A,D+,B
2742,B,AAA,AAA
2743,RA,RA,C
2744,O,B,D
2745,B,RA,C
2746,D,B,B
2747,B,C,RA
2748,D,A,B
2749,B,A,A
2750,A+,D,C
2751,RA,C,B
2752,B,RA,A+
2753,AAA,B,C
2754,RA,D+,AAA
2755,B,C,A
2756,RA,A,O
2757,AAA,B,B
2758,C,D+,C
2759,AAA,B,A
2760,C,A+,B
2761,D+,D+,A+
2762,RA,B,B
2763,B,D,D
2764,C,C,B
2765,D,D,RA
2766,AAA,A,RA
2767,D+,AAA,B
2768,D+,A,D
2769,D,A,B
2770,D,B,D
2771,D+,C,B
2772,B,B,RA
2773,A,B,O
2774,AAA,RA,D
2775,B,B,C
2776,D+,A+,A
2777,A,D,A+
2778,RA,C,B
2779,D+,B,D+
2780,B,AAA,A+
2781,RA,D,A+
2782,A+,RA,B
2783,D,D,RA
2784,A+,A+,B
2785,A,AAA,D
2786,AAA,AAA,D
2787,A+,B,D+
2788,C,D,A
2789,O,C,C
2790,B,A,C
2791,C,A+,B
2792,C,C,D
2793,RA,B,B
2794,B,D,B
2795,B,C,A
2796,B,A,D+
2797,B,AAA,D+
2798,D,C,A
2799,A+,B,D
2800,RA,D+,RA
2801,A,B,O
2802,A+,A,D
2803,AAA,C,B
2804,C,RA,A
2805,O,B,B
2806,AAA,A,A
2807,D,D+,O
2808,A+,C,B
2809,B,AAA,C
2810,A+,A,RA
2811,D+,C,B
2812,B,B,O
2813,A+,B,A+
2814,A,A,RA
2815,B,B,A
2816,RA,C,A
2817,C,O,B
2818,O,D+,B
2819,C,O,A
2820,C,D+,B
2821,A+,A+,D
2822,B,O,D
2823,C,RA,C
2824,D,AAA,D+
2825,D+,B,B
2826,B,A,B
2827,A,B,C
2828,B,A,C
2829,B,AAA,B
2830,D,C,D
2831,A,B,A
2832,C,B,RA
2833,B,A,C
2834,C,B,D+
2835,A,O,D
2836,C,C,B
2837,RA,RA,RA
2838,A,D,A+
2839,RA,A,B
2840,B,D+,B
2841,D,A,B
2842,RA,C,B
2843,D,A+,B
2844,B,AAA,RA
2845,D,A,A
2846,A,B,B
2847,C,D,RA
2848,AAA,C,D
2849,C,O,B
2850,O,D,C
2851,C,O,RA
2852,AAA,D,A+
2853,B,O,B
2854,A,B,RA
2855,RA,RA,C
2856,A,B,O
2857,O,B,RA
2858,A,B,B
2859,B,A,A+
2860,A,A+,B
2861,C,O,D
2862,A,B,B
2863,A,RA,A+
2864,A,B,C
2865,C,D,RA
2866,B,C,D+
2867,B,D,A+
2868,O,A,RA
2869,D+,C,O
2870,A,D,B
2871,D,A,C
2872,B,D+,O
2873,D+,B,A
2874,B,O,D+
2875,B,C,O
2876,B,B,B
2877,RA,A,A
2878,C,C,O
2879,A+,C,C
2880,A,RA,D+
2881,A,RA,A+
2882,B,C,A
2883,A,O,C
2884,C,AAA,A
2885,A,B,D
2886,B,B,D
2887,RA,A+,A
2888,O,B,A
2889,C,A,C
2890,B,AAA,A
2891,A,AAA,B
2892,B,D,C
2893,A,A+,AAA
2894,RA,B,O
2895,AAA,C,AAA
2896,AAA,C,AAA
2897,A,RA,A
2898,D+,O,B
2899,A,D,AAA
2900,C,AAA,AAA
2901,D,B,AAA
2902,D+,B,AAA
2903,B,C,A
2904,D+,A,D
2905,B,AAA,AAA
2906,D+,B,C
2907,RA,AAA,B
2908,C,A,A
2909,C,AAA,AAA
2910,RA,C,B
2911,O,C,AAA
2912,A,C,B
2913,A,AAA,AAA
2914,AAA,C,B
2915,AAA,AAA,AAA
2916,AAA,O,A+
2917,O,A,B
2918,A+,B,AAA
2919,D+,C,A
2920,AAA,C,C
2921,A+,C,A
2922,AAA,A+,B
2923,AAA,RA,D
2924,RA,A,A
2925,A,A+,AAA
2926,B,A,RA
2927,B,D,AAA
2928,D,A,B
2929,A,RA,RA
2930,B,C,A
2931,B,A+,B
2932,A,D,D+
2933,B,B,AAA
2934,B,A,A+
2935,B,AAA,AAA
2936,C,D+,D+
2937,A,RA,B
2938,B,AAA,AAA
2939,B,D,C
2940,C,AAA,C
2941,C,D,B
2942,C,A+,RA
2943,A,B,C
2944,D,B,B
2945,AAA,C,C
2946,RA,O,A
2947,C,C,D+
2948,D,B,C
2949,A,B,A
2950,RA,B,B
2951,B,A,B
2952,A,A,D
2953,C,C,C
2954,D+,B,B
2955,B,B,A
2956,D+,A,C
2957,B,C,C
2958,O,C,B
2959,D,B,A+
2960,B,RA,D
2961,O,B,D+
2962,AAA,B,B
2963,AAA,D,O
2964,A,C,B
2965,AAA,RA,D+
2966,O,A,B
2967,C,B,B
2968,D+,A,RA
2969,RA,A,B
2970,D,RA,C
2971,O,A+,RA
2972,C,B,A
2973,B,A,B
2974,B,A,RA
2975,AAA,O,C
2976,A+,A,A
2977,A+,B,A+
2978,C,C,C
2979,D,RA,B
2980,B,D+,D
2981,C,AAA,RA
2982,B,A+,C
2983,B,A+,C
2984,C,B,B
2985,D,RA,RA
2986,A+,B,AAA
2987,O,B,D+
2988,A,A,A
2989,C,D+,A+
2990,B,B,RA
2991,A,A,D
2992,B,B,A
2993,A,A+,C
2994,B,AAA,A
2995,B,RA,A+
2996,C,RA,B
2997,AAA,B,C
2998,C,C,A
2999,B,A+,RA
3000,B,O,B
3001,AAA,D+,A
3002,A,AAA,A
3003,D,D+,B
3004,B,RA,AAA
3005,A,A,A
3006,C,D+,A
3007,RA,B,AAA
3008,B,D,A
3009,A,B,AAA
3010,O,A+,O
3011,AAA,A+,A
3012,B,RA,C
3013,A,A,RA
3014,C,B,D
3015,B,B,C
3016,C,AAA,B
3017,B,B,C
3018,AAA,B,C
3019,A+,AAA,A
3020,D,D+,C
3021,RA,AAA,A
3022,AAA,RA,B
3023,A,B,A+
3024,AAA,A,AAA
3025,D+,C,O
3026,B,D+,C
3027,RA,AAA,A
3028,C,RA,C
3029,A,O,AAA
3030,C,A+,D+
3031,O,C,B
3032,C,A,B
3033,D+,A,B
3034,B,D,AAA
3035,AAA,A,C
3036,B,B,A+
3037,AAA,C,B
3038,A+,C,A+
3039,A,B,B
3040,B,D,A
3041,B,D+,C
3042,C,B,C
3043,C,A,C
3044,D,A,B
3045,O,A+,C
3046,B,B,B
3047,B,B,A
3048,C,B,B
3049,D,B,B
3050,B,RA,B
3051,C,B,O
3052,AAA,B,A
3053,D+,B,A+
3054,A,D,D
3055,B,B,B
3056,D,AAA,D
3057,C,A,A
3058,D,B,O
3059,A+,D,A+
3060,A,D,B
3061,C,D+,AAA
3062,B,B,C
3063,C,A+,A+
3064,C,B,D+
3065,B,A,B
3066,A,RA,B
3067,B,B,A+
3068,A+,C,O
3069,RA,B,A
3070,A,A+,A
3071,B,B,O
3072,A,B,C
3073,O,D,A
3074,AAA,B,B
3075,D,C,AAA
3076,B,B,A
3077,AAA,B,B
3078,AAA,D,B
3079,B,A+,A
3080,D,A,B
3081,B,A,AAA
3082,B,RA,C
3083,A,B,B
3084,A,AAA,B
3085,A,B,A
3086,RA,C,C
3087,B,B,B
3088,B,B,D
3089,B,AAA,D
3090,A,D+,B
3091,C,C,D+
3092,RA,A,B
3093,AAA,B,C
3094,A+,A,A+
3095,A+,A,C
3096,AAA,AAA,A+
3097,C,A,AAA
3098,D,C,AAA
3099,D,C,AAA
3100,B,C,D
3101,B,RA,A
3102,A+,RA,AAA
3103,A,C,D+
3104,RA,D,B
3105,A,B,B
3106,A,A,AAA
3107,RA,D+,D
3108,B,B,AAA
3109,C,RA,B
3110,C,A+,A+
3111,A+,C,D+
3112,B,D,C
3113,AAA,B,D
3114,B,AAA,A
3115,C,D+,C
3116,C,C,A
3117,AAA,A+,C
3118,B,C,C
3119,RA,AAA,B
3120,B,C,C
3121,RA,AAA,A
3122,B,C,B
3123,B,B,B
3124,B,C,D+
3125,B,A,A
3126,C,D+,A
3127,D,A,B
3128,AAA,B,D
3129,A+,D,A
3130,C,O,B
3131,B,B,A
3132,A,C,AAA
3133,D,B,B
3134,A+,A+,B
3135,RA,B,C
3136,B,B,A
3137,D+,B,B
3138,B,B,RA
3139,A+,D+,O
3140,D,B,B
3141,C,O,D
3142,AAA,A,B
3143,A,B,D
3144,RA,A,B
3145,A+,D,A+
3146,B,B,RA
3147,B,D,B
3148,B,AAA,AAA
3149,B,A,RA
3150,B,B,B
3151,RA,RA,RA
3152,C,AAA,AAA
3153,D+,D+,C
3154,A,A,AAA
3155,B,A,C
3156,B,C,D+
3157,B,AAA,RA
3158,A,RA,B
3159,RA,C,C
3160,C,RA,B
3161,A,RA,AAA
3162,AAA,B,C
3163,D+,D,RA
3164,AAA,B,O
3165,C,D,A+
3166,B,B,A
3167,D+,RA,AAA
3168,B,O,B
3169,A+,D,D
3170,B,C,C
3171,C,A,C
3172,C,A+,C
3173,A+,B,O
3174,D,D+,B
3175,B,A+,D
3176,RA,A+,B
3177,A,B,B
3178,B,RA,B
3179,B,B,D+
3180,A,D,D
3181,B,D,B
3182,A,D+,A
3183,B,A,A
3184,A+,C,B
3185,A+,C,A+
3186,C,B,B
3187,A,D,A+
3188,B,B,AAA
3189,B,B,B
3190,A+,A,C
3191,AAA,D+,D+
3192,B,D+,A
3193,B,A,RA
3194,B,D,C
3195,RA,RA,B
3196,C,O,D
3197,RA,D,O
3198,B,B,O
3199,A,A,RA
3200,A+,B,A
3201,AAA,A,RA
3202,C,O,B
3203,AAA,B,A
3204,A+,C,A
3205,A,RA,D
3206,B,B,B
3207,A,O,AAA
3208,B,A+,B
3209,AAA,RA,B
3210,D+,A,A
3211,C,A,RA
3212,AAA,B,A
3213,A,B,B
3214,AAA,A,C
3215,B,B,B
3216,D,D,RA
3217,B,D,B
3218,A,C,D
3219,RA,D+,RA
3220,C,B,C
3221,B,B,B
3222,A,C,D
3223,A,C,B
3224,C,B,B
3225,A+,D,D+
3226,RA,A,A+
3227,AAA,RA,D
3228,C,C,B
3229,D+,D+,B
3230,B,D,B
3231,A,B,C
3232,RA,RA,AAA
3233,D,A+,B
3234,AAA,B,D
3235,A,B,A
3236,D,B,B
3237,C,B,B
3238,O,B,C
3239,B,RA,C
3240,B,A,AAA
3241,B,B,AAA
3242,C,RA,B
3243,B,D,B
3244,D,B,A+
3245,B,C,RA
3246,A,RA,A
3247,O,A+,A
3248,B,B,RA
3249,D+,RA,B
3250,AAA,C,A
3251,D+,O,B
3252,D,RA,D
3253,O,B,D
3254,AAA,A+,AAA
3255,O,B,RA
3256,O,D,O
3257,RA,B,RA
3258,A,A+,A+
3259,A+,C,C
3260,B,RA,B
3261,B,D+,B
3262,B,A+,RA
3263,A,RA,A
3264,RA,O,B
3265,D,B,B
3266,C,C,B
3267,D,O,B
3268,C,A,D+
3269,B,D+,B
3270,AAA,O,B
3271,B,B,B
3272,B,A,RA
3273,B,O,AAA
3274,D,C,O
3275,B,D+,D+
3276,D,A+,B
3277,B,A,C
3278,AAA,C,A+
3279,A,A,A
3280,A,D,A
3281,A,D,AAA
3282,RA,A,C
3283,AAA,A,B
3284,B,C,RA
3285,B,A,A+
3286,A,B,A
3287,D,C,B
3288,D,AAA,A+
3289,A+,O,C
3290,RA,AAA,A
3291,D+,AAA,A+
3292,A,A,A
3293,A,B,D
3294,B,AAA,A
3295,C,AAA,A
3296,D,AAA,A
3297,RA,AAA,B
3298,A+,A,B
3299,D+,D,C
3300,AAA,AAA,D+
3301,O,C,A
3302,RA,B,C
3303,B,A,RA
3304,B,AAA,B
3305,B,B,O
3306,C,AAA,D+
3307,C,B,A+
3308,B,AAA,D+
3309,B,B,B
3310,D+,AAA,O
3311,C,A+,C
3312,D,B,A
3313,B,AAA,C
3314,B,A,D
3315,C,C,C
3316,B,A,C
3317,C,B,A
3318,A,D,A+
3319,B,A,D
3320,D,AAA,AAA
3321,C,RA,D+
3322,RA,AAA,AAA
3323,C,B,AAA
3324,B,RA,B
3325,RA,A,O
3326,B,B,C
3327,A,D+,RA
3328,A,AAA,C
3329,B,A+,B
3330,RA,AAA,C
3331,C,D+,C
3332,C,B,C
3333,C,AAA,AAA
3334,A,C,AAA
3335,A+,C,B
3336,RA,B,A
3337,A,RA,B
3338,D,C,RA
3339,D+,B,A
3340,A,C,C
3341,D,A,A
3342,O,D+,C
3343,O,C,B
3344,AAA,A,A+
3345,AAA,B,B
3346,C,B,AAA
3347,RA,D,A
3348,C,C,A
3349,A+,B,D+
3350,B,A,B
3351,A+,C,AAA
3352,C,C,AAA
3353,AAA,B,C
3354,B,A+,D
3355,A,D,O
3356,D,D+,C
3357,D,B,C
3358,B,O,B
3359,AAA,B,B
3360,B,D+,B
3361,AAA,B,B
3362,B,B,D
3363,C,RA,D
3364,D,B,O
3365,RA,C,RA
3366,D,RA,D
3367,B,A,D
3368,O,B,D+
3369,B,RA,A
3370,RA,C,O
3371,B,A,B
3372,O,A+,A
3373,A,C,D+
3374,RA,B,B
3375,A+,D,C
3376,O,RA,AAA
3377,C,C,C
3378,C,C,C
3379,B,B,C
3380,B,RA,A+
3381,C,AAA,A+
3382,AAA,D+,AAA
3383,A,A,B
3384,A,A+,RA
3385,A,RA,B
3386,D,D,O
3387,B,A,B
3388,A,C,C
3389,C,A,D
3390,B,A+,AAA
3391,AAA,B,D+
3392,C,C,AAA
3393,D,A,C
3394,A,RA,B
3395,O,B,A
3396,C,A,B
3397,A,A,C
3398,RA,B,D
3399,B,AAA,B
3400,B,A,A
3401,A+,A,A
3402,D,AAA,D
3403,A,A,B
3404,AAA,AAA,B
3405,A,O,A+
3406,D+,A,A
3407,A,C,B
3408,AAA,RA,AAA
3409,O,D,A
3410,C,C,AAA
3411,A,B,C
3412,C,C,B
3413,B,C,AAA
3414,D+,A,A+
3415,A,C,B
3416,D+,A,A
3417,AAA,B,A
3418,C,A+,AAA
3419,A+,AAA,D
3420,B,O,C
3421,A+,C,A
3422,B,A,AAA
3423,C,C,A+
3424,A,AAA,D+
3425,D,D+,B
3426,B,B,A
3427,AAA,B,B
3428,A+,B,A+
3429,C,AAA,C
3430,D+,C,D+
3431,A,A+,D+
3432,A,B,D
3433,A,A+,C
3434,B,B,D
3435,A,A,B
3436,B,C,B
3437,AAA,C,B
3438,B,C,A
3439,B,B,AAA
3440,RA,C,A+
3441,RA,B,A
3442,B,A,A
3443,AAA,B,B
3444,A+,B,AAA
3445,C,B,B
3446,RA,O,A+
3447,A,A,D
3448,B,A+,D
3449,C,D,B
3450,A,B,A+
3451,O,D,A
3452,D+,A,B
3453,D+,O,B
3454,D+,A+,D
3455,C,B,A
3456,A+,AAA,A
3457,B,C,C
3458,B,A+,D
3459,RA,D+,D+
3460,B,B,C
3461,B,B,AAA
3462,AAA,A+,AAA
3463,RA,O,A
3464,D+,A,RA
3465,C,A,RA
3466,AAA,O,RA
3467,C,C,O
3468,B,A,B
3469,A,B,A+
3470,C,AAA,RA
3471,C,A,B
3472,A+,B,B
3473,D,B,C
3474,A+,A,C
3475,AAA,B,B
3476,C,AAA,B
3477,A,C,B
3478,D,B,AAA
3479,AAA,B,RA
3480,D+,A,RA
3481,AAA,C,A
3482,C,B,RA
3483,C,D,C
3484,B,D,C
3485,A,B,C
3486,A,D+,AAA
3487,B,B,A+
3488,B,C,C
3489,AAA,A+,AAA
3490,B,C,A
3491,D,A+,C
3492,B,AAA,B
3493,C,AAA,RA
3494,AAA,AAA,A
3495,D,D,O
3496,C,A,A
3497,B,AAA,RA
3498,B,D+,D+
3499,D,B,B
3500,A,B,A
3501,D,AAA,A+
3502,A+,D,D+
3503,A,AAA,B
3504,B,B,RA
3505,O,A+,RA
3506,D,D+,O
3507,A,C,A
3508,C,D,C
3509,C,A,RA
3510,B,C,O
3511,A+,A,D
3512,D,C,A
3513,B,C,A
3514,B,B,B
3515,A+,C,AAA
3516,B,A,B
3517,C,B,AAA
3518,RA,B,D+
3519,RA,D+,D+
3520,D+,A,A+
3521,RA,A,AAA
3522,C,B,B
3523,O,D,B
3524,A+,A,A
3525,A,B,B
3526,B,A,B
3527,B,AAA,B
3528,B,B,D
3529,B,B,D+
3530,B,C,AAA
3531,A,A,C
3532,A,B,B
3533,C,RA,A
3534,A,O,A
3535,RA,B,C
3536,O,D,A
3537,O,B,B
3538,B,D,C
3539,RA,B,B
3540,B,A+,B
3541,B,RA,C
3542,B,B,O
3543,AAA,AAA,D
3544,C,RA,C
3545,A,B,C
3546,RA,RA,C
3547,D+,AAA,B
3548,B,C,RA
3549,B,AAA,B
3550,C,C,A+
3551,AAA,D+,C
3552,B,RA,A
3553,A,B,D
3554,D+,C,A
3555,B,RA,O
3556,B,RA,B
3557,B,B,D+
3558,RA,D,C
3559,B,B,A
3560,D+,D,RA
3561,C,B,B
3562,AAA,RA,AAA
3563,B,O,B
3564,RA,D,C
3565,A,C,A+
3566,AAA,A,D+
3567,A+,A+,B
3568,RA,B,B
3569,C,D+,C
3570,A,A+,A
3571,AAA,A+,A
3572,A,B,RA
3573,A+,RA,C
3574,A,B,B
3575,RA,D,C
3576,D+,D,C
3577,O,D+,C
3578,A+,A,D+
3579,A,C,AAA
3580,B,C,RA
3581,C,B,A
3582,RA,D,A
3583,C,B,A+
3584,C,B,O
3585,D,A,D+
3586,A,D+,RA
3587,A,D+,D
3588,C,A,B
3589,C,D,RA
3590,D,RA,D
3591,C,O,A
3592,D,D,RA
3593,A,B,B
3594,B,A,B
3595,D+,B,D
3596,B,A,A+
3597,A,O,B
3598,B,B,D
3599,A+,C,C
3600,D,RA,O
3601,A,B,B
3602,B,O,AAA
3603,AAA,A+,O
3604,A,RA,A+
3605,B,A,A
3606,A,A,A+
3607,C,B,C
3608,D+,B,A+
3609,A,A,B
3610,C,B,B
3611,A,D,AAA
3612,O,D,A
3613,RA,C,A+
3614,AAA,D+,C
3615,A+,B,AAA
3616,D,B,B
3617,C,C,B
3618,A,C,A+
3619,C,B,A+
3620,B,D,D
3621,AAA,A,B
3622,A+,RA,D
3623,AAA,C,D
3624,AAA,D+,A
3625,B,D,C
3626,A,B,B
3627,D,RA,B
3628,C,A+,AAA
3629,A,B,A+
3630,D,B,D+
3631,C,B,C
3632,C,B,O
3633,B,B,D+
3634,B,RA,A
3635,B,A,RA
3636,B,B,O
3637,RA,RA,B
3638,A,D,A+
3639,A+,B,D+
3640,A,C,C
3641,C,RA,A+
3642,RA,A+,A
3643,B,B,A+
3644,A,RA,A
3645,AAA,C,A
3646,AAA,O,A
3647,D+,RA,D+
3648,D+,B,D+
3649,RA,A+,A
3650,B,B,O
3651,RA,D,AAA
3652,AAA,B,C
3653,A,A+,O
3654,RA,C,AAA
3655,D,RA,RA
3656,RA,D+,B
3657,O,A+,C
3658,C,RA,B
3659,B,O,RA
3660,A,B,B
3661,AAA,C,O
3662,A+,O,D+
3663,B,A,D
3664,AAA,D+,B
3665,D,O,A
3666,B,B,A
3667,D+,A,AAA
3668,C,O,A
3669,B,C,AAA
3670,A+,D+,B
3671,B,A+,B
3672,RA,A,A
3673,B,C,D+
3674,B,A,A+
3675,AAA,D,AAA
3676,RA,D,RA
3677,RA,A,B
3678,D+,A,RA
3679,B,C,B
3680,AAA,A,B
3681,A,B,B
3682,A,C,A
3683,C,AAA,B
3684,A,O,B
3685,RA,AAA,B
3686,B,AAA,RA
3687,A,A,D+
3688,B,B,B
3689,B,AAA,D
3690,C,AAA,RA
3691,D+,AAA,RA
3692,D,AAA,B
3693,AAA,A,D
3694,A,D,C
3695,A+,AAA,A
3696,A,C,AAA
3697,B,B,B
3698,B,A,AAA
3699,A,AAA,A
3700,C,B,D
3701,D,AAA,D
3702,D,B,B
3703,C,AAA,RA
3704,C,B,B
3705,B,AAA,A
3706,C,A+,AAA
3707,C,B,RA
3708,A,AAA,A+
3709,B,A,C
3710,A,C,B
3711,D,A,D
3712,B,B,D+
3713,D,D,B
3714,D+,A,B
3715,D+,AAA,A+
3716,D+,RA,D
3717,O,AAA,D
3718,O,B,C
3719,A,RA,A
3720,B,A,D+
3721,AAA,B,A
3722,B,D+,B
3723,B,AAA,B
3724,B,A+,B
3725,AAA,AAA,A+
3726,B,D+,C
3727,B,B,D
3728,A,AAA,O
3729,B,C,C
3730,D,C,C
3731,B,B,D
3732,B,RA,D
3733,A,C,B
3734,O,B,B
3735,B,C,B
3736,B,A,B
3737,B,D+,B
3738,B,C,A
3739,B,A,A
3740,AAA,B,B
3741,AAA,B,AAA
3742,D,D,AAA
3743,C,C,B
3744,A+,B,A
3745,C,A,RA
3746,AAA,C,B
3747,D+,C,C
3748,RA,B,B
3749,D+,A+,RA
3750,O,D,B
3751,B,D+,B
3752,A+,B,B
3753,B,O,B
3754,B,B,O
3755,B,D+,B
3756,RA,B,A
3757,B,B,O
3758,C,RA,C
3759,C,B,B
3760,B,C,B
3761,C,RA,C
3762,AAA,A,B
3763,B,B,AAA
3764,C,RA,A
3765,A,C,C
3766,B,A,RA
3767,A,A+,AAA
3768,B,C,C
3769,AAA,B,B
3770,D,D,C
3771,AAA,RA,A
3772,D+,C,B
3773,D,C,C
3774,B,B,B
3775,A,RA,D+
3776,A,AAA,A
3777,A,D+,C
3778,B,A,C
3779,B,A+,A+
3780,O,RA,B
3781,O,D,D
3782,C,A,B
3783,A,C,AAA
3784,C,A,C
3785,B,A+,A+
3786,AAA,B,D
3787,RA,C,A+
3788,B,A,C
3789,B,RA,A+
3790,A,B,O
3791,O,A,C
3792,D,A,B
3793,A+,B,D+
3794,D,AAA,D+
3795,B,A,B
3796,D,A,A+
3797,AAA,AAA,RA
3798,B,A,B
3799,B,AAA,C
3800,C,O,C
3801,O,A,C
3802,C,C,RA
3803,C,RA,A+
3804,C,D,D
3805,A,C,RA
3806,A+,B,B
3807,D,C,B
3808,AAA,C,RA
3809,B,A,C
3810,B,C,A
3811,D,A,B
3812,B,B,AAA
3813,AAA,A+,A
3814,A,AAA,C
3815,D,O,A
3816,A,C,AAA
3817,B,A,RA
3818,B,C,O
3819,A,AAA,A
3820,D+,D+,B
3821,C,B,O
3822,B,B,A
3823,C,B,A+
3824,A,AAA,D
3825,C,C,B
3826,A,A+,B
3827,AAA,B,D
3828,B,A+,C
3829,A,B,A+
3830,B,A,C
3831,C,C,D
3832,A,C,C
3833,A,C,AAA
3834,D+,B,RA
3835,RA,C,AAA
3836,O,B,C
3837,C,A,AAA
3838,C,B,A
3839,B,B,B
3840,A,B,D+
3841,O,O,O
3842,B,A,B
3843,A+,A+,A
3844,B,D,B
3845,AAA,B,AAA
3846,AAA,D,B
3847,B,A,B
3848,B,O,B
3849,B,A+,B
3850,D,B,AAA
3851,B,AAA,AAA
3852,A+,C,B
3853,RA,A+,C
3854,A+,D+,A
3855,RA,B,D
3856,A+,B,B
3857,D,A+,A
3858,B,O,AAA
3859,D,A,B
3860,A,A,AAA
3861,RA,O,B
3862,A+,C,C
3863,B,A,D
3864,B,B,AAA
3865,B,AAA,A
3866,B,A,B
3867,A,B,C
3868,RA,B,A
3869,C,A,C
3870,AAA,B,C
3871,D,AAA,C
3872,A+,C,A
3873,AAA,B,B
3874,B,B,C
3875,AAA,A,B
3876,C,C,D+
3877,B,B,B
3878,C,D,C
3879,C,D,A
3880,D+,B,D
3881,RA,D+,A
3882,B,B,C
3883,O,C,D
3884,C,A+,A
3885,A,C,A
3886,C,A+,A
3887,B,AAA,B
3888,B,AAA,D+
3889,D,AAA,C
3890,C,D,D+
3891,D+,A,C
3892,B,AAA,A
3893,B,D+,A
3894,A,B,A
3895,RA,B,A
3896,D+,AAA,D
3897,D,D,AAA
3898,C,AAA,C
3899,A,B,C
3900,RA,A+,A
3901,RA,D+,RA
3902,C,C,AAA
3903,B,D,B
3904,B,A,C
3905,A+,C,O
3906,B,A,O
3907,A+,C,C
3908,O,C,AAA
3909,B,B,AAA
3910,O,C,D+
3911,D,A,A
3912,A,B,RA
3913,O,B,B
3914,C,D+,RA
3915,D,A,RA
3916,C,A,RA
3917,D+,B,B
3918,B,D,AAA
3919,A,A,AAA
3920,C,B,B
3921,C,A,A
3922,O,AAA,A
3923,RA,B,B
3924,AAA,B,C
3925,B,C,RA
3926,A+,A,A
3927,A,B,B
3928,RA,RA,A
3929,B,O,AAA
3930,D,B,B
3931,D+,D,D
3932,A,B,AAA
3933,C,D,A
3934,A,B,C
3935,RA,A+,B
3936,A+,RA,D
3937,C,B,B
3938,A+,AAA,B
3939,C,RA,A+
3940,RA,B,B
3941,C,RA,A+
3942,AAA,AAA,A
3943,B,C,A
3944,AAA,AAA,D
3945,B,C,D
3946,A+,D+,C
3947,A+,RA,B
3948,A,B,RA
3949,AAA,C,B
3950,C,RA,O
3951,B,B,AAA
3952,A+,A,AAA
3953,A,A,B
3954,C,D,B
3955,AAA,B,A
3956,A+,C,D+
3957,A+,C,D
3958,C,B,D+
3959,D,RA,C
3960,A,A+,B
3961,D,C,B
3962,A+,C,C
3963,C,O,C
3964,B,D+,C
3965,D+,RA,A
3966,B,AAA,O
3967,B,C,B
3968,D+,C,A+
3969,C,A,AAA
3970,O,D,RA
3971,A,C,C
3972,A,B,A+
3973,B,A+,O
3974,B,C,D+
3975,O,A,B
3976,B,A+,RA
3977,C,B,RA
3978,A+,B,C
3979,B,O,A
3980,B,AAA,A
3981,A+,B,RA
3982,C,RA,B
3983,A+,B,A
3984,A,D+,D
3985,D+,RA,B
3986,B,A,B
3987,C,B,B
3988,O,B,A+
3989,D+,C,C
3990,A,D,A+
3991,AAA,D,A
3992,C,B,D+
3993,A+,B,A+
3994,AAA,O,B
3995,A,C,B
3996,B,B,B
3997,RA,B,AAA
3998,AAA,B,AAA
3999,AAA,B,C
4000,A,AAA,RA
4001,B,A,O
4002,A+,A,C
4003,C,B,AAA
4004,A+,B,B
4005,D,AAA,D
4006,AAA,AAA,A
4007,C,A,C
4008,B,D,RA
4009,O,D,B
4010,AAA,A,A
4011,C,A,A
4012,B,C,D
4013,B,B,B
4014,B,B,A+
4015,B,AAA,A
4016,C,C,C
4017,B,D,D+
4018,D,A+,AAA
4019,C,A,A+
4020,C,D+,RA
4021,A+,A,D
4022,B,AAA,A
4023,O,A,A+
4024,AAA,A,A
4025,A,AAA,AAA
4026,AAA,C,D
4027,B,B,D
4028,B,B,A
4029,C,A+,A
4030,D,B,B
4031,B,A+,O
4032,A,AAA,B
4033,A+,C,O
4034,RA,A,B
4035,B,C,D+
4036,C,A,B
4037,A,C,A+
4038,RA,O,AAA
4039,C,B,C
4040,AAA,A+,AAA
4041,B,A,B
4042,O,B,AAA
4043,D,B,A
4044,D,A,A+
4045,C,RA,A
4046,O,AAA,C
4047,D,B,B
4048,D+,A,D+
4049,D+,A+,A+
4050,A,B,B
4051,A,O,C
4052,C,A+,B
4053,D+,B,B
4054,C,D,B
4055,A+,RA,B
4056,C,B,RA
4057,A,B,A
4058,B,C,RA
4059,B,A,A
4060,B,A,B
4061,D,B,AAA
4062,A,A,A
4063,B,A+,AAA
4064,AAA,AAA,D+
4065,B,C,C
4066,A,B,C
4067,B,D,A
4068,RA,C,D
4069,A,B,B
4070,D,C,B
4071,D,AAA,C
4072,O,B,C
4073,C,C,A
4074,A,C,B
4075,A,D,AAA
4076,B,A+,C
4077,RA,D+,B
4078,B,B,D
4079,A,C,A
4080,D,D,B
4081,B,A,AAA
4082,B,A,B
4083,O,D+,B
4084,O,B,RA
4085,RA,B,D
4086,A,B,AAA
4087,B,C,B
4088,RA,A,B
4089,D,D+,RA
4090,C,B,RA
4091,D,B,C
4092,B,C,B
4093,AAA,RA,O
4094,AAA,A,O
4095,B,A,C
4096,D+,B,B
4097,B,A,A
4098,D,AAA,RA
4099,RA,B,C
4100,B,AAA,B
4101,C,D+,C
4102,C,RA,B
4103,A,D+,B
4104,A,D,D
4105,C,D+,B
4106,D,B,A
4107,A,D+,AAA
4108,RA,AAA,A
4109,RA,O,C
4110,C,A,A
4111,B,RA,C
4112,A+,B,D
4113,AAA,D,B
4114,A+,B,D
4115,A,O,A
4116,A,B,A+
4117,A,AAA,C
4118,C,C,RA
4119,A,D+,B
4120,C,D+,A+
4121,C,AAA,B
4122,RA,A,D
4123,A,B,B
4124,C,A,B
4125,B,B,C
4126,AAA,D,A+
4127,B,C,D
4128,A,A,B
4129,B,D+,B
4130,B,O,AAA
4131,A,D+,RA
4132,B,RA,RA
4133,C,B,C
4134,A,B,B
4135,C,C,C
4136,C,A,C
4137,AAA,A+,A
4138,B,C,C
4139,D,D,C
4140,A,O,C
4141,D+,C,B
4142,B,A,C
4143,D,A,B
4144,C,D,C
4145,B,D,RA
4146,RA,A,A
4147,C,O,D
4148,B,D+,B
4149,B,A,A
4150,B,A+,D+
4151,AAA,D,D
4152,D+,A+,B
4153,D+,A,B
4154,A,B,B
4155,A+,C,D+
4156,AAA,A,B
4157,RA,RA,AAA
4158,B,C,RA
4159,B,RA,O
4160,A,A,D
4161,A,RA,D
4162,B,B,AAA
4163,A,C,AAA
4164,A,D+,A
4165,A,O,AAA
4166,D,B,B
4167,RA,A,A
4168,A,B,C
4169,B,B,RA
4170,D,B,RA
4171,B,B,AAA
4172,B,C,C
4173,AAA,C,C
4174,AAA,O,AAA
4175,AAA,A,A
4176,B,D+,B
4177,RA,A,B
4178,A,O,A+
4179,RA,RA,C
4180,RA,A,A+
4181,D,B,A
4182,B,A+,D
4183,A,B,B
4184,B,C,A+
4185,A,B,RA
4186,B,O,RA
4187,B,B,B
4188,RA,RA,C
4189,D,D,B
4190,AAA,B,A
4191,D+,RA,D+
4192,AAA,A,A
4193,D+,RA,B
4194,A+,RA,D
4195,B,B,B
4196,RA,D+,A
4197,D,B,A+
4198,B,A+,B
4199,B,A,B
4200,A,A,D+
4201,A+,C,O
4202,C,A,C
4203,A,AAA,D+
4204,C,A+,D+
4205,D+,C,C
4206,B,B,RA
4207,D,B,D+
4208,RA,AAA,D
4209,D,B,RA
4210,B,RA,AAA
4211,D+,D+,D+
4212,C,C,RA
4213,B,C,A+
4214,B,O,C
4215,D+,C,B
4216,B,C,AAA
4217,B,D,D
4218,A+,B,A+
4219,B,A+,B
4220,D,B,C
4221,B,B,A
4222,B,C,C
4223,D,D,A
4224,A,RA,A
4225,O,B,C
4226,AAA,RA,B
4227,B,AAA,B
4228,RA,A,AAA
4229,A,AAA,AAA
4230,A+,D,B
4231,B,D,A
4232,A,B,AAA
4233,AAA,C,RA
4234,D,AAA,O
4235,B,C,AAA
4236,C,A+,D
4237,RA,RA,A
4238,A,A,A
4239,RA,B,A
4240,D,D+,C
4241,B,A,A
4242,A,C,B
4243,D+,B,RA
4244,B,A+,C
4245,B,RA,D
4246,A,B,C
4247,AAA,D,D
4248,B,AAA,A+
4249,B,AAA,B
4250,D+,A,O
4251,A,C,RA
4252,C,D,B
4253,D,D,AAA
4254,AAA,AAA,O
4255,B,A,B
4256,RA,D,A
4257,A,D,B
4258,A,B,B
4259,C,B,B
4260,O,C,C
4261,B,B,A
4262,C,A+,B
4263,C,A+,C
4264,O,A,O
4265,O,D,A
4266,AAA,AAA,A+
4267,B,D,A
4268,A,B,AAA
4269,A,B,B
4270,C,B,A
4271,C,RA,D+
4272,B,B,B
4273,AAA,C,B
4274,D,C,D
4275,C,A+,D
4276,D,B,A
4277,B,AAA,AAA
4278,B,A+,C
4279,B,A,B
4280,D,D+,RA
4281,RA,D,B
4282,C,AAA,B
4283,B,C,AAA
4284,C,RA,B
4285,A,AAA,B
4286,C,AAA,D
4287,B,RA,B
4288,A,D+,C
4289,RA,B,A
4290,A,C,B
4291,AAA,C,B
4292,AAA,D,A
4293,RA,RA,B
4294,A+,RA,A
4295,D+,B,C
4296,B,AAA,D+
4297,AAA,B,D
4298,B,AAA,AAA
4299,B,B,B
4300,D+,O,A
4301,O,A+,AAA
4302,A+,C,A+
4303,AAA,B,AAA
4304,A,C,D+
4305,C,C,B
4306,AAA,A,B
4307,C,B,O
4308,A,B,C
4309,B,C,O
4310,AAA,C,B
4311,B,AAA,RA
4312,RA,B,A+
4313,D+,B,A
4314,AAA,A,D
4315,B,RA,C
4316,C,B,B
4317,C,AAA,A+
4318,AAA,B,C
4319,B,B,B
4320,A+,B,B
4321,B,RA,D+
4322,O,AAA,AAA
4323,C,RA,RA
4324,A+,A+,A
4325,C,B,A
4326,O,B,D+
4327,RA,A,O
4328,B,A,A
4329,RA,A+,C
4330,B,B,D
4331,A+,O,A+
4332,B,AAA,B
4333,A,C,A+
4334,O,B,D+
4335,C,A,D
4336,A+,B,B
4337,C,AAA,A
4338,D+,D,A
4339,B,A,O
4340,A+,AAA,A
4341,RA,O,C
4342,C,B,C
4343,RA,A,RA
4344,AAA,C,B
